Country data,,,,,,,,,,,,,,,,,,,,,,,,,,,,,,,,,,,,,,,,,,,,,,,,,,,,,,,,,,,,,,,,,,,,,,,,,
Change in country fossil CO2 emissions (percent),,,,,,,,,,,,,,,,,,,,,,,,,,,,,,,,,,,,,,,,,,,,,,,,,,,,,,,,,,,,,,,,,,,,,,,,,
,,,,,,,,,,,,,,,,,,,,,,,,,,,,,,,,,,,,,,,,,,,,,,,,,,,,,,,,,,,,,,,,,,,,,,,,,
,,,,,,,,,,,,,,,,,,,,,,,,,,,,,,,,,,,,,,,,,,,,,,,,,,,,,,,,,,,,,,,,,,,,,,,,,
Year,DATE,Julian day,Algeria,Argentina,Australia,Austria,Bangladesh,Belgium,Brazil,Bulgaria,Canada,Chile,China,Colombia,Croatia,Cyprus,Czech Republic,Denmark,Egypt,Estonia,Finland,France,Germany,Greece,Hungary,India,Indonesia,Iran,Iraq,Ireland,Israel,Italy,Japan,Kazakhstan,South Korea,Kuwait,Latvia,Lithuania,Luxembourg,Malaysia,Malta,Mexico,Morocco,Netherlands,New Zealand,Nigeria,Norway,Oman,Pakistan,Philippines,Poland,Portugal,Qatar,Romania,Russian Federation,Saudi Arabia,Slovakia,Slovenia,South Africa,Spain,Sweden,Thailand,Turkey,Turkmenistan,Ukraine,United Arab Emirates,United Kingdom,USA,Uzbekistan,Venezuela,Vietnam,EU and UK,GLOBAL
2020.0027,01/01/2020,1,0.0%,0.0%,0.0%,0.0%,0.0%,0.0%,0.0%,0.0%,0.0%,0.0%,0.0%,0.0%,0.0%,0.0%,0.0%,0.0%,0.0%,0.0%,0.0%,0.0%,0.0%,0.0%,0.0%,0.0%,0.0%,0.0%,0.0%,0.0%,0.0%,0.0%,0.0%,0.0%,0.0%,0.0%,0.0%,0.0%,0.0%,0.0%,0.0%,0.0%,0.0%,0.0%,0.0%,0.0%,0.0%,0.0%,0.0%,0.0%,0.0%,0.0%,0.0%,0.0%,0.0%,0.0%,0.0%,0.0%,0.0%,0.0%,0.0%,0.0%,0.0%,0.0%,0.0%,0.0%,0.0%,0.0%,0.0%,0.0%,0.0%,0.0%,0.0%
2020.0054,02/01/2020,2,0.0%,0.0%,0.0%,0.0%,0.0%,0.0%,0.0%,0.0%,0.0%,0.0%,0.0%,0.0%,0.0%,0.0%,0.0%,0.0%,0.0%,0.0%,0.0%,0.0%,0.0%,0.0%,0.0%,0.0%,0.0%,0.0%,0.0%,0.0%,0.0%,0.0%,0.0%,0.0%,0.0%,0.0%,0.0%,0.0%,0.0%,0.0%,0.0%,0.0%,0.0%,0.0%,0.0%,0.0%,0.0%,0.0%,0.0%,0.0%,0.0%,0.0%,0.0%,0.0%,0.0%,0.0%,0.0%,0.0%,0.0%,0.0%,0.0%,0.0%,0.0%,0.0%,0.0%,0.0%,0.0%,0.0%,0.0%,0.0%,0.0%,0.0%,0.0%
2020.0082,03/01/2020,3,0.0%,0.0%,0.0%,0.0%,0.0%,0.0%,0.0%,0.0%,0.0%,0.0%,0.0%,0.0%,0.0%,0.0%,0.0%,0.0%,0.0%,0.0%,0.0%,0.0%,0.0%,0.0%,0.0%,0.0%,0.0%,0.0%,0.0%,0.0%,0.0%,0.0%,0.0%,0.0%,0.0%,0.0%,0.0%,0.0%,0.0%,0.0%,0.0%,0.0%,0.0%,0.0%,0.0%,0.0%,0.0%,0.0%,0.0%,0.0%,0.0%,0.0%,0.0%,0.0%,0.0%,0.0%,0.0%,0.0%,0.0%,0.0%,0.0%,0.0%,0.0%,0.0%,0.0%,0.0%,0.0%,0.0%,0.0%,0.0%,0.0%,0.0%,0.0%
2020.0109,04/01/2020,4,0.0%,0.0%,0.0%,0.0%,0.0%,0.0%,0.0%,0.0%,0.0%,0.0%,0.0%,0.0%,0.0%,0.0%,0.0%,0.0%,0.0%,0.0%,0.0%,0.0%,0.0%,0.0%,0.0%,0.0%,0.0%,0.0%,0.0%,0.0%,0.0%,0.0%,0.0%,0.0%,0.0%,0.0%,0.0%,0.0%,0.0%,0.0%,0.0%,0.0%,0.0%,0.0%,0.0%,0.0%,0.0%,0.0%,0.0%,0.0%,0.0%,0.0%,0.0%,0.0%,0.0%,0.0%,0.0%,0.0%,0.0%,0.0%,0.0%,-4.7%,0.0%,0.0%,0.0%,0.0%,0.0%,0.0%,0.0%,0.0%,0.0%,0.0%,0.0%
2020.0136,05/01/2020,5,0.0%,0.0%,0.0%,0.0%,0.0%,0.0%,0.0%,0.0%,0.0%,0.0%,0.0%,0.0%,0.0%,0.0%,0.0%,0.0%,0.0%,0.0%,0.0%,0.0%,0.0%,0.0%,0.0%,0.0%,0.0%,0.0%,0.0%,0.0%,0.0%,0.0%,0.0%,0.0%,0.0%,0.0%,0.0%,0.0%,0.0%,0.0%,0.0%,0.0%,0.0%,0.0%,0.0%,0.0%,0.0%,0.0%,0.0%,0.0%,0.0%,0.0%,0.0%,0.0%,0.0%,0.0%,0.0%,0.0%,0.0%,0.0%,0.0%,-5.7%,0.0%,0.0%,0.0%,0.0%,0.0%,0.0%,0.0%,0.0%,0.0%,0.0%,0.0%
2020.0163,06/01/2020,6,0.0%,0.0%,0.0%,0.0%,0.0%,0.0%,0.0%,0.0%,0.0%,0.0%,0.0%,0.0%,0.0%,0.0%,0.0%,0.0%,0.0%,0.0%,0.0%,0.0%,0.0%,0.0%,0.0%,0.0%,0.0%,0.0%,0.0%,0.0%,0.0%,0.0%,0.0%,0.0%,0.0%,0.0%,0.0%,0.0%,0.0%,0.0%,0.0%,0.0%,0.0%,0.0%,0.0%,0.0%,0.0%,0.0%,0.0%,0.0%,0.0%,0.0%,0.0%,0.0%,0.0%,0.0%,0.0%,0.0%,0.0%,0.0%,0.0%,-6.6%,0.0%,0.0%,0.0%,0.0%,0.0%,0.0%,0.0%,0.0%,0.0%,0.0%,-0.1%
2020.0191,07/01/2020,7,0.0%,0.0%,0.0%,0.0%,0.0%,0.0%,0.0%,0.0%,0.0%,0.0%,0.0%,0.0%,0.0%,0.0%,0.0%,0.0%,0.0%,0.0%,0.0%,0.0%,0.0%,0.0%,0.0%,0.0%,0.0%,0.0%,0.0%,0.0%,0.0%,0.0%,0.0%,0.0%,0.0%,0.0%,0.0%,0.0%,0.0%,0.0%,0.0%,0.0%,0.0%,0.0%,0.0%,0.0%,0.0%,0.0%,0.0%,0.0%,0.0%,0.0%,0.0%,0.0%,0.0%,0.0%,0.0%,0.0%,0.0%,0.0%,0.0%,-6.6%,0.0%,0.0%,0.0%,0.0%,0.0%,0.0%,0.0%,0.0%,0.0%,0.0%,-0.1%
2020.0218,08/01/2020,8,0.0%,0.0%,0.0%,0.0%,0.0%,0.0%,0.0%,0.0%,0.0%,0.0%,0.0%,0.0%,0.0%,0.0%,0.0%,0.0%,0.0%,0.0%,0.0%,0.0%,0.0%,0.0%,0.0%,0.0%,0.0%,0.0%,0.0%,0.0%,0.0%,0.0%,0.0%,0.0%,0.0%,0.0%,0.0%,0.0%,0.0%,0.0%,0.0%,0.0%,0.0%,0.0%,0.0%,0.0%,0.0%,0.0%,0.0%,0.0%,0.0%,0.0%,0.0%,0.0%,0.0%,0.0%,0.0%,0.0%,0.0%,0.0%,0.0%,-6.6%,0.0%,0.0%,0.0%,0.0%,0.0%,0.0%,0.0%,0.0%,0.0%,0.0%,-0.1%
2020.0245,09/01/2020,9,0.0%,0.0%,0.0%,0.0%,0.0%,0.0%,0.0%,0.0%,0.0%,0.0%,0.0%,0.0%,0.0%,0.0%,0.0%,0.0%,0.0%,0.0%,0.0%,0.0%,0.0%,0.0%,0.0%,0.0%,0.0%,0.0%,0.0%,0.0%,0.0%,0.0%,0.0%,0.0%,0.0%,0.0%,0.0%,0.0%,0.0%,0.0%,0.0%,0.0%,0.0%,0.0%,0.0%,0.0%,0.0%,0.0%,0.0%,0.0%,0.0%,0.0%,0.0%,0.0%,0.0%,0.0%,0.0%,0.0%,0.0%,0.0%,0.0%,-6.6%,0.0%,0.0%,0.0%,0.0%,0.0%,0.0%,0.0%,0.0%,0.0%,0.0%,-0.1%
2020.0273,10/01/2020,10,0.0%,0.0%,0.0%,0.0%,0.0%,0.0%,0.0%,0.0%,0.0%,0.0%,0.0%,0.0%,0.0%,0.0%,0.0%,0.0%,0.0%,0.0%,0.0%,0.0%,0.0%,0.0%,0.0%,0.0%,0.0%,0.0%,0.0%,0.0%,0.0%,0.0%,0.0%,0.0%,0.0%,0.0%,0.0%,0.0%,0.0%,0.0%,0.0%,0.0%,0.0%,0.0%,0.0%,0.0%,0.0%,0.0%,0.0%,0.0%,0.0%,0.0%,0.0%,0.0%,0.0%,0.0%,0.0%,0.0%,0.0%,0.0%,0.0%,-6.6%,0.0%,0.0%,0.0%,0.0%,0.0%,0.0%,0.0%,0.0%,0.0%,0.0%,-0.1%
2020.03,11/01/2020,11,0.0%,0.0%,0.0%,0.0%,0.0%,0.0%,0.0%,0.0%,0.0%,0.0%,0.0%,0.0%,0.0%,0.0%,0.0%,0.0%,0.0%,0.0%,0.0%,0.0%,0.0%,0.0%,0.0%,0.0%,0.0%,0.0%,0.0%,0.0%,0.0%,0.0%,0.0%,0.0%,0.0%,0.0%,0.0%,0.0%,0.0%,0.0%,0.0%,0.0%,0.0%,0.0%,0.0%,0.0%,0.0%,0.0%,0.0%,0.0%,0.0%,0.0%,0.0%,0.0%,0.0%,0.0%,0.0%,0.0%,0.0%,0.0%,0.0%,-6.6%,0.0%,0.0%,0.0%,0.0%,0.0%,0.0%,0.0%,0.0%,0.0%,0.0%,-0.1%
2020.0327,12/01/2020,12,0.0%,0.0%,0.0%,0.0%,0.0%,0.0%,0.0%,0.0%,0.0%,0.0%,0.0%,0.0%,0.0%,0.0%,0.0%,0.0%,0.0%,0.0%,0.0%,0.0%,0.0%,0.0%,0.0%,0.0%,0.0%,0.0%,0.0%,0.0%,0.0%,0.0%,0.0%,0.0%,0.0%,0.0%,0.0%,0.0%,0.0%,0.0%,0.0%,0.0%,0.0%,0.0%,0.0%,0.0%,0.0%,0.0%,0.0%,0.0%,0.0%,0.0%,0.0%,0.0%,0.0%,0.0%,0.0%,0.0%,0.0%,0.0%,0.0%,-6.6%,0.0%,0.0%,0.0%,0.0%,0.0%,0.0%,0.0%,0.0%,0.0%,0.0%,-0.1%
2020.0355,13/01/2020,13,0.0%,0.0%,0.0%,0.0%,0.0%,0.0%,0.0%,0.0%,0.0%,0.0%,0.0%,0.0%,0.0%,0.0%,0.0%,0.0%,0.0%,0.0%,0.0%,0.0%,0.0%,0.0%,0.0%,0.0%,0.0%,0.0%,0.0%,0.0%,0.0%,0.0%,0.0%,0.0%,0.0%,0.0%,0.0%,0.0%,0.0%,0.0%,0.0%,0.0%,0.0%,0.0%,0.0%,0.0%,0.0%,0.0%,0.0%,0.0%,0.0%,0.0%,0.0%,0.0%,0.0%,0.0%,0.0%,0.0%,0.0%,0.0%,0.0%,-6.6%,0.0%,0.0%,0.0%,0.0%,0.0%,0.0%,0.0%,0.0%,0.0%,0.0%,-0.1%
2020.0382,14/01/2020,14,0.0%,0.0%,0.0%,0.0%,0.0%,0.0%,0.0%,0.0%,0.0%,0.0%,0.0%,0.0%,0.0%,0.0%,0.0%,0.0%,0.0%,0.0%,0.0%,0.0%,0.0%,0.0%,0.0%,0.0%,0.0%,0.0%,0.0%,0.0%,0.0%,0.0%,0.0%,0.0%,0.0%,0.0%,0.0%,0.0%,0.0%,0.0%,0.0%,0.0%,0.0%,0.0%,0.0%,0.0%,0.0%,0.0%,0.0%,0.0%,0.0%,0.0%,0.0%,0.0%,0.0%,0.0%,0.0%,0.0%,0.0%,0.0%,0.0%,-6.6%,0.0%,0.0%,0.0%,0.0%,0.0%,0.0%,0.0%,0.0%,0.0%,0.0%,-0.1%
2020.0409,15/01/2020,15,0.0%,0.0%,0.0%,0.0%,0.0%,0.0%,0.0%,0.0%,0.0%,0.0%,0.0%,0.0%,0.0%,0.0%,0.0%,0.0%,0.0%,0.0%,0.0%,0.0%,0.0%,0.0%,0.0%,-0.7%,0.0%,0.0%,0.0%,0.0%,0.0%,0.0%,0.0%,0.0%,0.0%,0.0%,0.0%,0.0%,0.0%,0.0%,0.0%,0.0%,0.0%,0.0%,0.0%,0.0%,0.0%,0.0%,0.0%,0.0%,0.0%,0.0%,0.0%,0.0%,0.0%,0.0%,0.0%,0.0%,0.0%,0.0%,0.0%,-6.6%,0.0%,0.0%,0.0%,0.0%,0.0%,0.0%,0.0%,0.0%,0.0%,0.0%,-0.1%
2020.0437,16/01/2020,16,0.0%,0.0%,0.0%,0.0%,0.0%,0.0%,0.0%,0.0%,0.0%,0.0%,0.0%,0.0%,0.0%,0.0%,0.0%,0.0%,0.0%,0.0%,0.0%,0.0%,0.0%,0.0%,0.0%,-1.3%,0.0%,0.0%,0.0%,0.0%,0.0%,0.0%,0.0%,0.0%,0.0%,0.0%,0.0%,0.0%,0.0%,0.0%,0.0%,0.0%,0.0%,0.0%,0.0%,0.0%,0.0%,0.0%,0.0%,0.0%,0.0%,0.0%,0.0%,0.0%,0.0%,0.0%,0.0%,0.0%,0.0%,0.0%,0.0%,-6.6%,0.0%,0.0%,0.0%,0.0%,0.0%,0.0%,0.0%,0.0%,0.0%,0.0%,-0.2%
2020.0464,17/01/2020,17,0.0%,0.0%,0.0%,0.0%,0.0%,0.0%,0.0%,0.0%,0.0%,0.0%,0.0%,0.0%,0.0%,0.0%,0.0%,0.0%,0.0%,0.0%,0.0%,0.0%,0.0%,0.0%,0.0%,-2.0%,0.0%,0.0%,0.0%,0.0%,0.0%,0.0%,0.0%,0.0%,0.0%,0.0%,0.0%,0.0%,0.0%,0.0%,0.0%,0.0%,0.0%,0.0%,0.0%,0.0%,0.0%,0.0%,0.0%,0.0%,0.0%,0.0%,0.0%,0.0%,0.0%,0.0%,0.0%,0.0%,0.0%,0.0%,0.0%,-6.6%,0.0%,0.0%,0.0%,0.0%,0.0%,0.0%,0.0%,0.0%,0.0%,0.0%,-0.2%
2020.0491,18/01/2020,18,0.0%,0.0%,0.0%,0.0%,0.0%,0.0%,0.0%,0.0%,0.0%,0.0%,0.0%,0.0%,0.0%,0.0%,0.0%,0.0%,0.0%,0.0%,0.0%,0.0%,0.0%,0.0%,0.0%,-2.6%,0.0%,0.0%,0.0%,0.0%,0.0%,0.0%,0.0%,0.0%,0.0%,0.0%,0.0%,0.0%,0.0%,0.0%,0.0%,0.0%,0.0%,0.0%,0.0%,0.0%,0.0%,0.0%,0.0%,0.0%,0.0%,0.0%,0.0%,0.0%,0.0%,0.0%,0.0%,0.0%,0.0%,0.0%,0.0%,-6.6%,0.0%,0.0%,0.0%,0.0%,0.0%,0.0%,0.0%,0.0%,0.0%,0.0%,-0.2%
2020.0519,19/01/2020,19,0.0%,0.0%,0.0%,0.0%,0.0%,0.0%,0.0%,0.0%,0.0%,0.0%,0.0%,0.0%,0.0%,0.0%,0.0%,0.0%,0.0%,0.0%,0.0%,0.0%,0.0%,0.0%,0.0%,-3.3%,0.0%,0.0%,0.0%,0.0%,0.0%,0.0%,0.0%,0.0%,0.0%,0.0%,0.0%,0.0%,0.0%,0.0%,0.0%,0.0%,0.0%,0.0%,0.0%,0.0%,0.0%,0.0%,0.0%,0.0%,0.0%,0.0%,0.0%,0.0%,0.0%,0.0%,0.0%,0.0%,0.0%,0.0%,0.0%,-6.6%,0.0%,0.0%,0.0%,0.0%,0.0%,0.0%,0.0%,0.0%,0.0%,0.0%,-0.3%
2020.0546,20/01/2020,20,0.0%,0.0%,0.0%,0.0%,0.0%,0.0%,0.0%,0.0%,0.0%,0.0%,-0.3%,0.0%,0.0%,0.0%,0.0%,0.0%,0.0%,0.0%,0.0%,0.0%,0.0%,0.0%,0.0%,-3.9%,0.0%,0.0%,0.0%,0.0%,0.0%,0.0%,0.0%,0.0%,0.0%,0.0%,0.0%,0.0%,0.0%,0.0%,0.0%,0.0%,0.0%,0.0%,0.0%,0.0%,0.0%,0.0%,0.0%,0.0%,0.0%,0.0%,0.0%,0.0%,0.0%,0.0%,0.0%,0.0%,0.0%,0.0%,0.0%,-6.6%,0.0%,0.0%,0.0%,0.0%,0.0%,0.0%,0.0%,0.0%,0.0%,0.0%,-0.4%
2020.0573,21/01/2020,21,0.0%,0.0%,0.0%,0.0%,0.0%,0.0%,0.0%,0.0%,0.0%,0.0%,-1.3%,0.0%,0.0%,0.0%,0.0%,0.0%,0.0%,0.0%,0.0%,0.0%,0.0%,0.0%,0.0%,-4.6%,0.0%,0.0%,0.0%,0.0%,0.0%,0.0%,0.0%,0.0%,0.0%,0.0%,0.0%,0.0%,0.0%,0.0%,0.0%,0.0%,0.0%,0.0%,0.0%,0.0%,0.0%,0.0%,0.0%,0.0%,0.0%,0.0%,0.0%,0.0%,0.0%,0.0%,0.0%,0.0%,0.0%,0.0%,0.0%,-6.6%,-0.8%,0.0%,0.0%,0.0%,0.0%,0.0%,0.0%,0.0%,0.0%,0.0%,-0.7%
2020.0601,22/01/2020,22,0.0%,0.0%,0.0%,0.0%,0.0%,0.0%,0.0%,0.0%,0.0%,0.0%,-3.1%,0.0%,0.0%,0.0%,0.0%,0.0%,0.0%,0.0%,0.0%,0.0%,0.0%,0.0%,0.0%,-4.6%,0.0%,0.0%,0.0%,0.0%,0.0%,0.0%,0.0%,0.0%,0.0%,0.0%,0.0%,0.0%,0.0%,0.0%,0.0%,0.0%,0.0%,0.0%,0.0%,0.0%,0.0%,0.0%,0.0%,0.0%,-0.5%,0.0%,0.0%,0.0%,0.0%,0.0%,0.0%,0.0%,0.0%,0.0%,0.0%,-6.6%,-1.6%,0.0%,0.0%,0.0%,0.0%,0.0%,0.0%,0.0%,0.0%,-0.1%,-1.2%
2020.0628,23/01/2020,23,0.0%,0.0%,0.0%,0.0%,0.0%,0.0%,0.0%,0.0%,0.0%,0.0%,-4.9%,0.0%,0.0%,0.0%,0.0%,0.0%,0.0%,0.0%,0.0%,0.0%,0.0%,0.0%,0.0%,-4.6%,0.0%,0.0%,0.0%,0.0%,0.0%,0.0%,0.0%,-0.5%,0.0%,0.0%,0.0%,0.0%,0.0%,0.0%,0.0%,0.0%,0.0%,0.0%,0.0%,0.0%,0.0%,0.0%,0.0%,0.0%,-1.0%,0.0%,0.0%,0.0%,0.0%,0.0%,0.0%,0.0%,0.0%,0.0%,0.0%,-6.6%,-2.4%,0.0%,0.0%,0.0%,0.0%,0.0%,0.0%,0.0%,0.0%,-0.1%,-1.7%
2020.0655,24/01/2020,24,0.0%,0.0%,0.0%,0.0%,0.0%,0.0%,0.0%,0.0%,0.0%,0.0%,-6.6%,0.0%,0.0%,0.0%,0.0%,0.0%,0.0%,0.0%,0.0%,0.0%,0.0%,0.0%,0.0%,-4.6%,0.0%,0.0%,0.0%,0.0%,0.0%,0.0%,0.0%,-1.0%,0.0%,0.0%,0.0%,0.0%,0.0%,0.0%,0.0%,0.0%,0.0%,0.0%,0.0%,0.0%,0.0%,0.0%,0.0%,0.0%,-1.6%,0.0%,0.0%,0.0%,0.0%,0.0%,0.0%,0.0%,0.0%,0.0%,0.0%,-6.6%,-3.1%,0.0%,0.0%,0.0%,0.0%,0.0%,0.0%,0.0%,0.0%,-0.2%,-2.1%
2020.0683,25/01/2020,25,0.0%,0.0%,0.0%,0.0%,0.0%,0.0%,0.0%,0.0%,0.0%,0.0%,-8.4%,0.0%,0.0%,0.0%,0.0%,0.0%,0.0%,0.0%,0.0%,0.0%,0.0%,0.0%,0.0%,-4.6%,0.0%,0.0%,0.0%,0.0%,0.0%,0.0%,-0.7%,-1.5%,0.0%,0.0%,0.0%,0.0%,0.0%,0.0%,0.0%,0.0%,0.0%,0.0%,0.0%,0.0%,0.0%,0.0%,0.0%,0.0%,-2.1%,0.0%,0.0%,0.0%,0.0%,0.0%,0.0%,0.0%,0.0%,0.0%,0.0%,-6.6%,-3.9%,0.0%,0.0%,0.0%,0.0%,0.0%,0.0%,0.0%,0.0%,-0.2%,-2.6%
2020.071,26/01/2020,26,0.0%,0.0%,0.0%,0.0%,0.0%,0.0%,0.0%,0.0%,0.0%,0.0%,-10.2%,0.0%,0.0%,0.0%,0.0%,0.0%,0.0%,0.0%,0.0%,0.0%,0.0%,0.0%,0.0%,-4.6%,0.0%,0.0%,0.0%,0.0%,0.0%,0.0%,-1.3%,-2.0%,0.0%,0.0%,0.0%,0.0%,0.0%,0.0%,0.0%,0.0%,0.0%,0.0%,0.0%,0.0%,0.0%,0.0%,0.0%,0.0%,-2.6%,0.0%,0.0%,0.0%,0.0%,0.0%,0.0%,0.0%,0.0%,0.0%,0.0%,-6.6%,-4.7%,0.0%,0.0%,0.0%,0.0%,0.0%,0.0%,0.0%,0.0%,-0.3%,-3.1%
2020.0737,27/01/2020,27,0.0%,0.0%,0.0%,0.0%,0.0%,0.0%,0.0%,0.0%,0.0%,0.0%,-11.6%,0.0%,0.0%,0.0%,0.0%,0.0%,0.0%,0.0%,0.0%,0.0%,0.0%,0.0%,0.0%,-4.6%,0.0%,0.0%,0.0%,0.0%,0.0%,-0.8%,-2.0%,-2.5%,0.0%,0.0%,0.0%,0.0%,0.0%,0.0%,0.0%,0.0%,0.0%,0.0%,0.0%,0.0%,0.0%,0.0%,0.0%,0.0%,-3.1%,0.0%,0.0%,0.0%,0.0%,0.0%,0.0%,0.0%,0.0%,0.0%,0.0%,-6.6%,-5.5%,0.0%,0.0%,0.0%,0.0%,0.0%,0.0%,0.0%,0.0%,-0.4%,-3.5%
2020.0765,28/01/2020,28,0.0%,0.0%,0.0%,0.0%,0.0%,0.0%,0.0%,0.0%,0.0%,0.0%,-12.4%,0.0%,0.0%,0.0%,0.0%,0.0%,0.0%,0.0%,0.0%,0.0%,0.0%,0.0%,0.0%,-4.6%,0.0%,0.0%,0.0%,0.0%,0.0%,-1.5%,-2.6%,-3.0%,0.0%,0.0%,0.0%,0.0%,0.0%,0.0%,0.0%,0.0%,0.0%,0.0%,0.0%,0.0%,0.0%,0.0%,0.0%,0.0%,-3.6%,0.0%,0.0%,0.0%,0.0%,0.0%,0.0%,0.0%,0.0%,0.0%,0.0%,-6.6%,-5.5%,0.0%,0.0%,0.0%,0.0%,-0.9%,0.0%,0.0%,0.0%,-0.5%,-3.9%
2020.0792,29/01/2020,29,0.0%,0.0%,-0.7%,0.0%,-0.6%,0.0%,0.0%,0.0%,0.0%,0.0%,-12.4%,0.0%,0.0%,0.0%,0.0%,0.0%,0.0%,0.0%,0.0%,0.0%,0.0%,0.0%,0.0%,-4.6%,0.0%,0.0%,0.0%,0.0%,0.0%,-2.3%,-3.3%,-3.5%,0.0%,0.0%,0.0%,0.0%,0.0%,0.0%,0.0%,0.0%,0.0%,0.0%,0.0%,0.0%,0.0%,0.0%,0.0%,0.0%,-3.6%,0.0%,0.0%,0.0%,0.0%,0.0%,0.0%,0.0%,0.0%,0.0%,0.0%,-6.6%,-5.5%,0.0%,0.0%,0.0%,0.0%,-1.9%,0.0%,0.0%,-0.9%,-0.6%,-4.1%
2020.0819,30/01/2020,30,0.0%,0.0%,-1.3%,0.0%,-1.2%,0.0%,0.0%,0.0%,0.0%,0.0%,-12.4%,0.0%,0.0%,0.0%,0.0%,0.0%,0.0%,0.0%,0.0%,0.0%,0.0%,0.0%,0.0%,-4.6%,0.0%,0.0%,0.0%,0.0%,0.0%,-3.1%,-4.0%,-3.5%,0.0%,0.0%,0.0%,0.0%,0.0%,0.0%,0.0%,0.0%,0.0%,0.0%,-1.3%,0.0%,0.0%,0.0%,0.0%,-0.8%,-3.6%,0.0%,0.0%,0.0%,0.0%,0.0%,0.0%,0.0%,0.0%,0.0%,0.0%,-6.6%,-5.5%,0.0%,0.0%,0.0%,0.0%,-2.8%,0.0%,-0.8%,-1.8%,-0.7%,-4.3%
2020.0847,31/01/2020,31,0.0%,0.0%,-2.0%,0.0%,-1.8%,0.0%,0.0%,0.0%,0.0%,0.0%,-12.6%,0.0%,0.0%,0.0%,0.0%,0.0%,0.0%,0.0%,0.0%,0.0%,0.0%,0.0%,0.0%,-4.6%,0.0%,0.0%,0.0%,0.0%,0.0%,-3.9%,-4.6%,-3.5%,0.0%,0.0%,0.0%,0.0%,0.0%,0.0%,0.0%,0.0%,0.0%,0.0%,-2.6%,0.0%,0.0%,0.0%,0.0%,-1.6%,-3.6%,0.0%,0.0%,0.0%,-0.6%,0.0%,0.0%,0.0%,0.0%,0.0%,0.0%,-6.6%,-5.5%,0.0%,0.0%,0.0%,0.0%,-3.7%,0.0%,-1.6%,-2.8%,-0.8%,-4.5%
2020.0874,01/02/2020,32,0.0%,0.0%,-2.6%,0.0%,-2.4%,0.0%,0.0%,0.0%,0.0%,0.0%,-13.1%,0.0%,0.0%,0.0%,0.0%,0.0%,0.0%,0.0%,0.0%,0.0%,0.0%,0.0%,0.0%,-4.6%,0.0%,0.0%,0.0%,0.0%,0.0%,-4.6%,-4.6%,-3.5%,-0.7%,0.0%,0.0%,0.0%,0.0%,0.0%,0.0%,0.0%,0.0%,0.0%,-3.9%,0.0%,0.0%,0.0%,0.0%,-2.3%,-3.6%,0.0%,0.0%,0.0%,-1.2%,0.0%,0.0%,0.0%,0.0%,0.0%,0.0%,-6.6%,-5.5%,0.0%,0.0%,0.0%,0.0%,-4.7%,0.0%,-2.4%,-3.7%,-0.8%,-4.9%
2020.0901,02/02/2020,33,0.0%,0.0%,-3.3%,0.0%,-3.0%,0.0%,0.0%,0.0%,0.0%,0.0%,-14.0%,0.0%,0.0%,0.0%,0.0%,0.0%,0.0%,0.0%,0.0%,0.0%,0.0%,0.0%,0.0%,-4.6%,-0.8%,0.0%,0.0%,0.0%,0.0%,-5.4%,-4.6%,-3.5%,-1.3%,0.0%,0.0%,0.0%,0.0%,0.0%,0.0%,0.0%,0.0%,0.0%,-5.2%,0.0%,0.0%,0.0%,0.0%,-3.1%,-3.6%,0.0%,0.0%,0.0%,-1.8%,0.0%,0.0%,0.0%,0.0%,0.0%,0.0%,-6.6%,-5.5%,0.0%,0.0%,0.0%,0.0%,-5.6%,0.0%,-3.2%,-4.6%,-0.9%,-5.3%
2020.0929,03/02/2020,34,0.0%,0.0%,-3.9%,0.0%,-3.6%,0.0%,0.0%,0.0%,0.0%,0.0%,-15.1%,0.0%,0.0%,0.0%,0.0%,0.0%,0.0%,0.0%,0.0%,0.0%,0.0%,0.0%,0.0%,-4.6%,-1.6%,0.0%,0.0%,0.0%,0.0%,-5.4%,-4.6%,-3.5%,-2.0%,0.0%,0.0%,0.0%,0.0%,0.0%,0.0%,0.0%,0.0%,0.0%,-6.5%,0.0%,0.0%,0.0%,0.0%,-3.9%,-3.6%,0.0%,0.0%,0.0%,-2.4%,0.0%,0.0%,0.0%,0.0%,0.0%,0.0%,-6.6%,-5.5%,0.0%,0.0%,0.0%,0.0%,-6.6%,0.0%,-4.0%,-5.5%,-0.9%,-5.8%
2020.0956,04/02/2020,35,0.0%,0.0%,-4.6%,0.0%,-4.2%,0.0%,0.0%,0.0%,0.0%,0.0%,-16.3%,0.0%,0.0%,0.0%,0.0%,0.0%,0.0%,0.0%,0.0%,0.0%,0.0%,0.0%,0.0%,-4.6%,-2.4%,0.0%,0.0%,0.0%,0.0%,-5.4%,-4.6%,-3.5%,-2.7%,0.0%,0.0%,0.0%,0.0%,0.0%,0.0%,0.0%,0.0%,0.0%,-7.8%,0.0%,0.0%,0.0%,0.0%,-4.7%,-3.6%,0.0%,0.0%,0.0%,-3.0%,0.0%,0.0%,0.0%,0.0%,0.0%,0.0%,-6.6%,-5.5%,0.0%,0.0%,0.0%,0.0%,-6.6%,0.0%,-4.8%,-6.5%,-0.9%,-6.2%
2020.0983,05/02/2020,36,0.0%,0.0%,-4.6%,0.0%,-4.2%,0.0%,0.0%,0.0%,0.0%,0.0%,-17.5%,0.0%,0.0%,0.0%,0.0%,0.0%,0.0%,0.0%,0.0%,0.0%,0.0%,0.0%,0.0%,-4.6%,-3.2%,0.0%,0.0%,0.0%,0.0%,-5.4%,-4.6%,-3.5%,-3.3%,0.0%,0.0%,0.0%,0.0%,0.0%,0.0%,0.0%,0.0%,0.0%,-9.1%,0.0%,0.0%,0.0%,0.0%,-5.4%,-3.6%,0.0%,0.0%,0.0%,-3.5%,0.0%,0.0%,0.0%,0.0%,0.0%,0.0%,-6.6%,-5.5%,0.0%,0.0%,0.0%,0.0%,-6.6%,0.0%,-5.6%,-6.5%,-0.9%,-6.6%
2020.1011,06/02/2020,37,0.0%,0.0%,-4.6%,0.0%,-4.2%,0.0%,0.0%,0.0%,0.0%,0.0%,-18.8%,0.0%,0.0%,0.0%,0.0%,0.0%,0.0%,0.0%,0.0%,0.0%,0.0%,0.0%,0.0%,-4.6%,-4.0%,0.0%,0.0%,0.0%,0.0%,-5.4%,-4.6%,-3.5%,-4.0%,0.0%,0.0%,0.0%,0.0%,0.0%,0.0%,0.0%,0.0%,0.0%,-9.1%,0.0%,0.0%,0.0%,0.0%,-5.4%,-3.6%,0.0%,0.0%,0.0%,-4.1%,0.0%,0.0%,0.0%,0.0%,0.0%,0.0%,-6.6%,-5.5%,0.0%,0.0%,0.0%,0.0%,-6.6%,0.0%,-5.6%,-6.5%,-0.9%,-6.9%
2020.1038,07/02/2020,38,0.0%,0.0%,-4.6%,0.0%,-4.2%,0.0%,0.0%,0.0%,0.0%,0.0%,-20.0%,0.0%,0.0%,0.0%,0.0%,0.0%,0.0%,0.0%,0.0%,0.0%,0.0%,0.0%,0.0%,-4.6%,-4.8%,0.0%,0.0%,0.0%,0.0%,-5.4%,-4.6%,-3.5%,-4.6%,0.0%,0.0%,0.0%,0.0%,0.0%,0.0%,0.0%,0.0%,0.0%,-9.1%,0.0%,0.0%,0.0%,0.0%,-5.4%,-3.6%,0.0%,0.0%,0.0%,-4.1%,0.0%,0.0%,0.0%,0.0%,0.0%,0.0%,-6.6%,-5.5%,0.0%,0.0%,0.0%,-0.9%,-6.6%,0.0%,-5.6%,-6.5%,-1.0%,-7.3%
2020.1065,08/02/2020,39,0.0%,0.0%,-4.6%,0.0%,-4.2%,0.0%,0.0%,0.0%,0.0%,0.0%,-20.9%,0.0%,0.0%,0.0%,0.0%,0.0%,0.0%,0.0%,0.0%,0.0%,0.0%,0.0%,0.0%,-4.6%,-5.6%,0.0%,0.0%,0.0%,0.0%,-5.4%,-4.6%,-3.5%,-4.6%,0.0%,0.0%,0.0%,0.0%,0.0%,0.0%,0.0%,0.0%,0.0%,-9.1%,0.0%,0.0%,0.0%,0.0%,-5.4%,-3.6%,0.0%,0.0%,0.0%,-4.1%,0.0%,0.0%,0.0%,0.0%,0.0%,0.0%,-6.6%,-5.5%,0.0%,0.0%,0.0%,-1.8%,-6.6%,0.0%,-5.6%,-6.5%,-1.1%,-7.5%
2020.1092,09/02/2020,40,0.0%,0.0%,-4.6%,0.0%,-4.2%,0.0%,0.0%,0.0%,0.0%,0.0%,-21.5%,0.0%,0.0%,0.0%,0.0%,0.0%,0.0%,0.0%,0.0%,0.0%,0.0%,0.0%,0.0%,-4.6%,-5.6%,0.0%,0.0%,0.0%,0.0%,-5.4%,-4.6%,-3.5%,-4.6%,0.0%,0.0%,0.0%,0.0%,0.0%,0.0%,0.0%,0.0%,0.0%,-9.1%,0.0%,0.0%,0.0%,0.0%,-5.4%,-3.6%,0.0%,0.0%,0.0%,-4.1%,0.0%,0.0%,0.0%,0.0%,0.0%,0.0%,-6.6%,-5.5%,0.0%,0.0%,0.0%,-2.8%,-6.6%,0.0%,-5.6%,-6.5%,-1.3%,-7.7%
2020.112,10/02/2020,41,0.0%,0.0%,-4.6%,0.0%,-4.2%,0.0%,0.0%,0.0%,0.0%,0.0%,-22.0%,0.0%,0.0%,0.0%,0.0%,0.0%,0.0%,0.0%,0.0%,0.0%,0.0%,0.0%,0.0%,-4.6%,-5.6%,0.0%,0.0%,0.0%,0.0%,-5.4%,-4.6%,-3.5%,-4.6%,0.0%,0.0%,0.0%,0.0%,0.0%,0.0%,0.0%,0.0%,0.0%,-9.1%,0.0%,0.0%,0.0%,0.0%,-5.4%,-3.6%,0.0%,0.0%,0.0%,-4.1%,0.0%,0.0%,0.0%,0.0%,0.0%,0.0%,-6.6%,-5.5%,0.0%,0.0%,0.0%,-3.7%,-6.6%,0.0%,-5.6%,-6.5%,-1.4%,-7.8%
2020.1147,11/02/2020,42,0.0%,0.0%,-4.6%,0.0%,-4.2%,0.0%,0.0%,0.0%,0.0%,0.0%,-22.4%,0.0%,0.0%,0.0%,0.0%,0.0%,-0.7%,0.0%,0.0%,0.0%,0.0%,0.0%,0.0%,-4.6%,-5.6%,0.0%,0.0%,0.0%,0.0%,-5.4%,-4.6%,-3.5%,-4.6%,0.0%,0.0%,0.0%,0.0%,0.0%,0.0%,0.0%,0.0%,0.0%,-9.1%,0.0%,0.0%,0.0%,0.0%,-5.4%,-3.6%,0.0%,0.0%,0.0%,-4.1%,0.0%,0.0%,0.0%,0.0%,0.0%,0.0%,-6.6%,-5.5%,0.0%,0.0%,0.0%,-4.6%,-6.6%,0.0%,-5.6%,-6.5%,-1.5%,-7.9%
2020.1174,12/02/2020,43,0.0%,0.0%,-4.6%,0.0%,-4.2%,0.0%,0.0%,0.0%,0.0%,0.0%,-22.7%,0.0%,0.0%,0.0%,0.0%,0.0%,-1.5%,0.0%,0.0%,0.0%,0.0%,0.0%,0.0%,-4.6%,-5.6%,0.0%,0.0%,0.0%,0.0%,-5.4%,-4.6%,-3.5%,-4.6%,0.0%,0.0%,0.0%,0.0%,0.0%,0.0%,0.0%,0.0%,0.0%,-9.1%,0.0%,0.0%,0.0%,0.0%,-5.4%,-3.6%,0.0%,0.0%,0.0%,-4.1%,0.0%,0.0%,0.0%,0.0%,0.0%,0.0%,-6.6%,-5.5%,0.0%,0.0%,0.0%,-5.5%,-6.6%,0.0%,-5.6%,-6.5%,-1.6%,-8.0%
2020.1202,13/02/2020,44,0.0%,0.0%,-4.6%,0.0%,-4.2%,0.0%,0.0%,0.0%,0.0%,0.0%,-23.0%,0.0%,0.0%,0.0%,0.0%,0.0%,-2.2%,0.0%,0.0%,0.0%,0.0%,0.0%,0.0%,-4.6%,-5.6%,0.0%,0.0%,0.0%,0.0%,-5.4%,-4.6%,-3.5%,-4.6%,0.0%,0.0%,0.0%,0.0%,0.0%,0.0%,0.0%,0.0%,0.0%,-9.1%,0.0%,0.0%,0.0%,0.0%,-5.4%,-3.6%,0.0%,0.0%,0.0%,-4.1%,0.0%,0.0%,0.0%,0.0%,0.0%,0.0%,-6.6%,-5.5%,0.0%,0.0%,0.0%,-6.4%,-6.6%,0.0%,-5.6%,-6.5%,-1.7%,-8.1%
2020.1229,14/02/2020,45,0.0%,0.0%,-4.6%,0.0%,-4.2%,0.0%,0.0%,0.0%,0.0%,0.0%,-23.2%,0.0%,0.0%,0.0%,0.0%,0.0%,-2.9%,0.0%,0.0%,0.0%,0.0%,0.0%,0.0%,-4.6%,-5.6%,0.0%,0.0%,0.0%,0.0%,-5.4%,-4.6%,-3.5%,-4.6%,0.0%,0.0%,0.0%,0.0%,0.0%,0.0%,0.0%,0.0%,0.0%,-9.1%,0.0%,0.0%,0.0%,0.0%,-5.4%,-3.6%,0.0%,0.0%,0.0%,-4.1%,0.0%,0.0%,0.0%,0.0%,0.0%,0.0%,-6.6%,-5.5%,0.0%,0.0%,0.0%,-6.4%,-6.6%,0.0%,-5.6%,-6.5%,-1.7%,-8.2%
2020.1256,15/02/2020,46,0.0%,0.0%,-4.6%,0.0%,-4.2%,0.0%,0.0%,0.0%,0.0%,0.0%,-23.4%,0.0%,0.0%,0.0%,0.0%,0.0%,-3.7%,0.0%,0.0%,0.0%,0.0%,0.0%,0.0%,-4.6%,-5.6%,0.0%,0.0%,0.0%,0.0%,-5.4%,-4.6%,-3.5%,-4.6%,0.0%,0.0%,0.0%,0.0%,0.0%,0.0%,0.0%,0.0%,0.0%,-9.1%,0.0%,0.0%,0.0%,0.0%,-5.4%,-3.6%,0.0%,0.0%,0.0%,-4.1%,0.0%,0.0%,0.0%,0.0%,0.0%,0.0%,-6.6%,-5.5%,0.0%,0.0%,0.0%,-6.4%,-6.6%,0.0%,-5.6%,-6.5%,-1.7%,-8.2%
2020.1284,16/02/2020,47,0.0%,0.0%,-4.6%,0.0%,-4.2%,0.0%,0.0%,0.0%,0.0%,0.0%,-23.6%,0.0%,0.0%,0.0%,0.0%,0.0%,-4.4%,0.0%,0.0%,0.0%,0.0%,0.0%,0.0%,-4.6%,-5.6%,0.0%,0.0%,0.0%,0.0%,-5.4%,-4.6%,-3.5%,-4.6%,0.0%,0.0%,0.0%,0.0%,0.0%,0.0%,0.0%,0.0%,0.0%,-9.1%,0.0%,0.0%,0.0%,0.0%,-5.4%,-3.6%,0.0%,0.0%,0.0%,-4.1%,0.0%,0.0%,0.0%,0.0%,0.0%,0.0%,-6.6%,-5.5%,0.0%,0.0%,0.0%,-6.4%,-6.6%,0.0%,-5.6%,-6.5%,-1.7%,-8.3%
2020.1311,17/02/2020,48,0.0%,0.0%,-4.6%,0.0%,-4.2%,0.0%,0.0%,0.0%,0.0%,0.0%,-23.7%,0.0%,0.0%,0.0%,0.0%,0.0%,-5.1%,0.0%,0.0%,0.0%,0.0%,0.0%,0.0%,-4.6%,-5.6%,0.0%,0.0%,0.0%,0.0%,-5.4%,-4.6%,-3.5%,-4.6%,0.0%,0.0%,0.0%,0.0%,0.0%,0.0%,0.0%,0.0%,0.0%,-9.1%,0.0%,0.0%,0.0%,0.0%,-5.4%,-3.6%,0.0%,0.0%,0.0%,-4.1%,0.0%,0.0%,0.0%,0.0%,0.0%,0.0%,-6.6%,-5.5%,0.0%,0.0%,0.0%,-6.4%,-6.6%,0.0%,-5.6%,-6.5%,-1.7%,-8.3%
2020.1338,18/02/2020,49,0.0%,0.0%,-4.6%,0.0%,-4.2%,0.0%,0.0%,0.0%,0.0%,0.0%,-23.7%,0.0%,0.0%,0.0%,0.0%,0.0%,-5.1%,0.0%,0.0%,0.0%,0.0%,0.0%,0.0%,-4.6%,-5.6%,0.0%,0.0%,0.0%,0.0%,-5.4%,-4.6%,-3.5%,-6.1%,0.0%,0.0%,0.0%,0.0%,0.0%,0.0%,0.0%,0.0%,0.0%,-9.1%,0.0%,0.0%,0.0%,0.0%,-5.4%,-3.6%,0.0%,0.0%,0.0%,-4.1%,0.0%,0.0%,0.0%,0.0%,0.0%,0.0%,-6.6%,-5.5%,0.0%,0.0%,0.0%,-6.4%,-6.6%,0.0%,-5.6%,-6.5%,-1.7%,-8.3%
2020.1366,19/02/2020,50,0.0%,0.0%,-4.6%,0.0%,-4.2%,0.0%,0.0%,0.0%,0.0%,0.0%,-23.5%,0.0%,0.0%,0.0%,0.0%,0.0%,-5.1%,0.0%,0.0%,0.0%,0.0%,0.0%,0.0%,-4.6%,-5.6%,0.0%,0.0%,0.0%,0.0%,-5.4%,-4.6%,-3.5%,-7.5%,0.0%,0.0%,0.0%,0.0%,0.0%,0.0%,0.0%,0.0%,0.0%,-9.1%,0.0%,0.0%,0.0%,0.0%,-5.4%,-3.6%,0.0%,0.0%,0.0%,-4.1%,0.0%,0.0%,0.0%,0.0%,0.0%,0.0%,-6.6%,-5.5%,0.0%,0.0%,0.0%,-6.4%,-6.6%,0.0%,-5.6%,-6.5%,-1.7%,-8.3%
2020.1393,20/02/2020,51,0.0%,0.0%,-4.6%,0.0%,-4.2%,0.0%,0.0%,0.0%,0.0%,0.0%,-23.4%,0.0%,0.0%,0.0%,0.0%,0.0%,-5.1%,0.0%,0.0%,0.0%,0.0%,0.0%,0.0%,-4.6%,-5.6%,0.0%,0.0%,0.0%,0.0%,-7.4%,-4.6%,-3.5%,-9.0%,0.0%,0.0%,0.0%,0.0%,0.0%,0.0%,0.0%,0.0%,0.0%,-9.1%,0.0%,0.0%,0.0%,0.0%,-5.4%,-3.6%,0.0%,0.0%,0.0%,-4.1%,0.0%,0.0%,0.0%,0.0%,0.0%,0.0%,-6.6%,-5.5%,0.0%,0.0%,0.0%,-6.4%,-6.6%,0.0%,-5.6%,-6.5%,-1.9%,-8.3%
2020.142,21/02/2020,52,0.0%,0.0%,-4.6%,0.0%,-4.2%,0.0%,0.0%,0.0%,0.0%,0.0%,-22.8%,0.0%,-0.9%,0.0%,0.0%,0.0%,-5.1%,0.0%,0.0%,0.0%,0.0%,0.0%,0.0%,-4.6%,-5.6%,0.0%,0.0%,0.0%,0.0%,-9.3%,-4.6%,-3.5%,-10.4%,0.0%,0.0%,0.0%,0.0%,0.0%,-2.5%,0.0%,0.0%,0.0%,-9.1%,0.0%,0.0%,0.0%,0.0%,-5.4%,-3.6%,0.0%,0.0%,0.0%,-4.1%,0.0%,0.0%,0.0%,0.0%,0.0%,0.0%,-6.6%,-5.5%,0.0%,0.0%,0.0%,-6.4%,-6.6%,0.0%,-5.6%,-6.5%,-2.1%,-8.3%
2020.1448,22/02/2020,53,0.0%,0.0%,-4.6%,0.0%,-4.2%,0.0%,0.0%,0.0%,0.0%,0.0%,-21.9%,0.0%,-1.9%,0.0%,0.0%,0.0%,-5.1%,0.0%,0.0%,0.0%,0.0%,0.0%,0.0%,-4.6%,-5.6%,0.0%,0.0%,0.0%,0.0%,-11.3%,-4.6%,-3.5%,-11.8%,0.0%,0.0%,0.0%,0.0%,0.0%,-4.9%,0.0%,0.0%,0.0%,-9.1%,0.0%,0.0%,0.0%,0.0%,-5.4%,-3.6%,0.0%,0.0%,-0.7%,-4.1%,0.0%,0.0%,0.0%,0.0%,0.0%,0.0%,-6.6%,-5.5%,0.0%,0.0%,0.0%,-6.4%,-6.6%,0.0%,-5.6%,-6.5%,-2.4%,-8.1%
2020.1475,23/02/2020,54,0.0%,0.0%,-4.6%,0.0%,-4.2%,0.0%,0.0%,0.0%,0.0%,0.0%,-20.5%,0.0%,-2.8%,0.0%,0.0%,0.0%,-5.1%,0.0%,0.0%,0.0%,0.0%,0.0%,0.0%,-4.6%,-5.6%,0.0%,0.0%,0.0%,0.0%,-13.3%,-4.6%,-3.5%,-13.3%,0.0%,0.0%,0.0%,0.0%,0.0%,-7.4%,0.0%,0.0%,0.0%,-9.1%,0.0%,0.0%,0.0%,0.0%,-5.4%,-3.6%,0.0%,0.0%,-1.4%,-4.1%,0.0%,0.0%,0.0%,0.0%,0.0%,0.0%,-6.6%,-5.5%,0.0%,0.0%,0.0%,-6.4%,-6.6%,0.0%,-5.6%,-6.5%,-2.6%,-7.8%
2020.1502,24/02/2020,55,0.0%,0.0%,-4.6%,0.0%,-4.2%,0.0%,0.0%,0.0%,0.0%,0.0%,-19.1%,0.0%,-3.7%,0.0%,0.0%,0.0%,-5.1%,0.0%,0.0%,0.0%,0.0%,0.0%,0.0%,-4.6%,-5.6%,0.0%,-1.9%,0.0%,0.0%,-15.3%,-4.6%,-3.5%,-14.7%,0.0%,0.0%,0.0%,0.0%,0.0%,-9.9%,0.0%,0.0%,0.0%,-9.1%,0.0%,0.0%,0.0%,0.0%,-5.4%,-3.6%,0.0%,0.0%,-2.1%,-4.1%,-0.8%,0.0%,0.0%,0.0%,0.0%,0.0%,-6.6%,-5.5%,0.0%,0.0%,0.0%,-6.4%,-6.6%,0.0%,-5.6%,-6.5%,-2.8%,-7.5%
2020.153,25/02/2020,56,0.0%,0.0%,-4.6%,0.0%,-4.2%,0.0%,0.0%,0.0%,0.0%,0.0%,-17.6%,0.0%,-4.7%,0.0%,0.0%,0.0%,-5.1%,0.0%,0.0%,0.0%,0.0%,0.0%,0.0%,-4.6%,-5.6%,-2.2%,-3.9%,0.0%,0.0%,-17.2%,-4.6%,-3.5%,-14.7%,0.0%,0.0%,0.0%,0.0%,-0.8%,-12.4%,0.0%,0.0%,0.0%,-9.1%,0.0%,0.0%,0.0%,0.0%,-5.4%,-3.6%,0.0%,0.0%,-2.8%,-4.1%,-1.6%,0.0%,0.0%,0.0%,0.0%,0.0%,-6.6%,-5.5%,0.0%,0.0%,0.0%,-6.4%,-6.6%,0.0%,-5.6%,-6.5%,-3.0%,-7.2%
2020.1557,26/02/2020,57,0.0%,0.0%,-4.6%,0.0%,-4.2%,0.0%,0.0%,0.0%,0.0%,0.0%,-16.1%,0.0%,-5.6%,0.0%,0.0%,0.0%,-5.1%,0.0%,0.0%,-1.0%,0.0%,0.0%,0.0%,-4.6%,-5.6%,-4.4%,-5.8%,-0.9%,0.0%,-19.2%,-4.6%,-3.5%,-14.7%,0.0%,0.0%,0.0%,0.0%,-1.6%,-14.8%,0.0%,0.0%,0.0%,-9.1%,0.0%,0.0%,0.0%,0.0%,-5.4%,-3.6%,0.0%,0.0%,-3.5%,-4.1%,-2.4%,0.0%,0.0%,0.0%,0.0%,0.0%,-6.6%,-5.5%,0.0%,0.0%,0.0%,-6.4%,-6.6%,0.0%,-5.6%,-6.5%,-3.4%,-6.9%
2020.1584,27/02/2020,58,0.0%,0.0%,-4.6%,0.0%,-4.2%,0.0%,0.0%,0.0%,0.0%,0.0%,-14.7%,0.0%,-6.6%,0.0%,0.0%,0.0%,-5.1%,0.0%,0.0%,-2.1%,0.0%,0.0%,0.0%,-4.6%,-5.6%,-6.6%,-7.7%,-1.8%,0.0%,-19.2%,-4.6%,-3.5%,-14.7%,0.0%,0.0%,0.0%,0.0%,-2.3%,-17.3%,0.0%,0.0%,0.0%,-9.1%,0.0%,0.0%,0.0%,0.0%,-5.4%,-3.6%,0.0%,0.0%,-4.2%,-4.1%,-3.2%,0.0%,0.0%,0.0%,0.0%,0.0%,-6.6%,-5.5%,0.0%,0.0%,0.0%,-6.4%,-6.6%,0.0%,-5.6%,-6.5%,-3.5%,-6.7%
2020.1612,28/02/2020,59,0.0%,0.0%,-4.6%,0.0%,-4.2%,0.0%,0.0%,0.0%,0.0%,0.0%,-13.6%,0.0%,-6.6%,0.0%,0.0%,0.0%,-5.1%,0.0%,0.0%,-3.1%,0.0%,0.0%,0.0%,-4.6%,-5.6%,-8.8%,-9.6%,-2.7%,0.0%,-19.2%,-4.6%,-3.5%,-14.7%,0.0%,0.0%,0.0%,0.0%,-3.1%,-17.3%,0.0%,0.0%,0.0%,-9.1%,0.0%,0.0%,0.0%,0.0%,-5.4%,-3.6%,0.0%,0.0%,-4.9%,-4.1%,-4.0%,0.0%,0.0%,0.0%,0.0%,0.0%,-6.6%,-5.5%,0.0%,0.0%,0.0%,-6.4%,-6.6%,0.0%,-5.6%,-6.5%,-3.7%,-6.5%
2020.1639,29/02/2020,60,0.0%,0.0%,-4.6%,0.0%,-4.2%,0.0%,0.0%,0.0%,0.0%,0.0%,-12.8%,0.0%,-6.6%,0.0%,-0.5%,0.0%,-5.1%,0.0%,0.0%,-4.1%,0.0%,0.0%,0.0%,-4.6%,-5.6%,-11.0%,-11.6%,-3.6%,0.0%,-19.2%,-4.6%,-3.5%,-14.7%,0.0%,0.0%,0.0%,0.0%,-3.9%,-17.3%,0.0%,0.0%,0.0%,-9.1%,0.0%,0.0%,0.0%,0.0%,-5.4%,-3.6%,0.0%,0.0%,-4.9%,-4.1%,-4.8%,0.0%,0.0%,0.0%,0.0%,0.0%,-6.6%,-5.5%,0.0%,0.0%,0.0%,-6.4%,-6.6%,0.0%,-5.6%,-6.5%,-3.8%,-6.4%
2020.1666,01/03/2020,61,0.0%,0.0%,-4.6%,0.0%,-4.2%,0.0%,0.0%,0.0%,0.0%,0.0%,-12.5%,0.0%,-6.6%,0.0%,-1.0%,0.0%,-5.1%,0.0%,0.0%,-5.2%,0.0%,0.0%,0.0%,-4.6%,-5.6%,-13.1%,-13.5%,-4.5%,0.0%,-19.2%,-4.6%,-3.5%,-14.7%,0.0%,0.0%,0.0%,0.0%,-4.7%,-17.3%,0.0%,0.0%,0.0%,-9.1%,0.0%,0.0%,0.0%,0.0%,-5.4%,-3.6%,0.0%,0.0%,-4.9%,-4.1%,-5.5%,0.0%,0.0%,0.0%,0.0%,0.0%,-6.6%,-5.5%,0.0%,0.0%,0.0%,-6.4%,-6.6%,0.0%,-5.6%,-6.5%,-4.0%,-6.4%
2020.1694,02/03/2020,62,0.0%,0.0%,-4.6%,0.0%,-4.2%,0.0%,0.0%,0.0%,0.0%,0.0%,-12.2%,0.0%,-6.6%,0.0%,-1.5%,0.0%,-5.1%,0.0%,0.0%,-6.2%,0.0%,0.0%,0.0%,-4.6%,-5.6%,-15.3%,-13.5%,-5.4%,0.0%,-19.2%,-4.6%,-3.5%,-14.7%,0.0%,0.0%,0.0%,0.0%,-5.5%,-17.3%,0.0%,0.0%,0.0%,-9.1%,0.0%,0.0%,0.0%,0.0%,-5.4%,-3.6%,0.0%,0.0%,-4.9%,-4.1%,-5.5%,0.0%,0.0%,0.0%,0.0%,0.0%,-6.6%,-5.5%,0.0%,0.0%,0.0%,-6.4%,-6.6%,0.0%,-5.6%,-6.5%,-4.1%,-6.3%
2020.1721,03/03/2020,63,0.0%,0.0%,-4.6%,0.0%,-4.2%,0.0%,0.0%,0.0%,0.0%,0.0%,-11.9%,0.0%,-6.6%,0.0%,-2.0%,0.0%,-5.1%,0.0%,0.0%,-7.2%,0.0%,0.0%,0.0%,-4.6%,-5.6%,-15.3%,-13.5%,-6.2%,0.0%,-19.2%,-4.6%,-3.5%,-14.7%,0.0%,0.0%,0.0%,0.0%,-5.5%,-17.3%,0.0%,0.0%,0.0%,-9.1%,0.0%,0.0%,0.0%,0.0%,-5.4%,-3.6%,0.0%,0.0%,-4.9%,-4.1%,-5.5%,0.0%,0.0%,0.0%,0.0%,0.0%,-6.6%,-5.5%,0.0%,0.0%,0.0%,-6.4%,-6.6%,0.0%,-5.6%,-6.5%,-4.2%,-6.3%
2020.1748,04/03/2020,64,0.0%,0.0%,-4.6%,0.0%,-4.2%,0.0%,0.0%,0.0%,0.0%,0.0%,-11.7%,0.0%,-6.6%,0.0%,-2.5%,0.0%,-5.1%,0.0%,0.0%,-7.2%,0.0%,0.0%,0.0%,-4.6%,-5.6%,-15.3%,-13.5%,-6.2%,0.0%,-19.2%,-4.6%,-3.5%,-14.7%,0.0%,0.0%,0.0%,0.0%,-5.5%,-17.3%,0.0%,0.0%,0.0%,-9.1%,0.0%,0.0%,0.0%,0.0%,-5.4%,-3.6%,0.0%,0.0%,-4.9%,-4.1%,-5.5%,0.0%,0.0%,0.0%,0.0%,0.0%,-6.6%,-5.5%,0.0%,0.0%,0.0%,-6.4%,-6.6%,0.0%,-5.6%,-6.5%,-4.2%,-6.2%
2020.1776,05/03/2020,65,0.0%,0.0%,-4.6%,0.0%,-4.2%,0.0%,0.0%,-0.5%,0.0%,0.0%,-11.3%,0.0%,-6.6%,0.0%,-3.0%,0.0%,-5.1%,0.0%,0.0%,-7.2%,0.0%,0.0%,0.0%,-4.6%,-5.6%,-15.3%,-13.5%,-6.2%,0.0%,-19.2%,-4.6%,-3.5%,-14.7%,0.0%,0.0%,0.0%,0.0%,-5.5%,-17.3%,0.0%,0.0%,0.0%,-9.1%,0.0%,0.0%,0.0%,0.0%,-5.4%,-3.6%,0.0%,0.0%,-4.9%,-4.1%,-5.5%,0.0%,0.0%,0.0%,0.0%,0.0%,-6.6%,-5.5%,0.0%,0.0%,0.0%,-6.4%,-6.6%,0.0%,-5.6%,-6.5%,-4.3%,-6.1%
2020.1803,06/03/2020,66,0.0%,0.0%,-4.6%,0.0%,-4.2%,0.0%,0.0%,-1.1%,0.0%,0.0%,-10.9%,0.0%,-6.6%,0.0%,-3.6%,0.0%,-5.1%,0.0%,0.0%,-7.2%,0.0%,-0.9%,0.0%,-4.6%,-5.6%,-15.3%,-13.5%,-6.2%,0.0%,-20.4%,-4.6%,-3.5%,-14.7%,0.0%,0.0%,0.0%,0.0%,-5.5%,-17.3%,0.0%,0.0%,0.0%,-9.1%,0.0%,0.0%,0.0%,0.0%,-5.4%,-3.6%,0.0%,-0.7%,-4.9%,-4.1%,-5.5%,0.0%,-3.0%,0.0%,0.0%,0.0%,-6.6%,-5.5%,0.0%,0.0%,0.0%,-6.4%,-6.6%,0.0%,-5.6%,-6.5%,-4.4%,-6.1%
2020.183,07/03/2020,67,0.0%,0.0%,-4.6%,0.0%,-4.2%,0.0%,0.0%,-1.6%,0.0%,0.0%,-10.6%,0.0%,-6.6%,0.0%,-5.0%,0.0%,-5.1%,0.0%,0.0%,-7.2%,0.0%,-1.8%,0.0%,-4.6%,-5.6%,-15.3%,-13.5%,-6.2%,-2.7%,-21.6%,-4.6%,-3.5%,-14.7%,0.0%,0.0%,0.0%,0.0%,-5.5%,-17.3%,0.0%,0.0%,0.0%,-9.1%,0.0%,0.0%,0.0%,0.0%,-5.4%,-3.6%,0.0%,-1.5%,-4.9%,-4.1%,-5.5%,0.0%,-6.0%,0.0%,-3.3%,0.0%,-6.6%,-5.5%,0.0%,0.0%,0.0%,-6.4%,-6.6%,0.0%,-5.6%,-6.5%,-4.7%,-6.0%
2020.1858,08/03/2020,68,0.0%,0.0%,-4.6%,0.0%,-4.2%,0.0%,0.0%,-2.2%,0.0%,0.0%,-10.1%,0.0%,-6.6%,0.0%,-6.5%,-3.5%,-5.1%,0.0%,0.0%,-7.2%,0.0%,-2.7%,-2.6%,-4.6%,-5.6%,-15.3%,-13.5%,-6.2%,-5.4%,-22.9%,-4.6%,-3.5%,-14.7%,0.0%,0.0%,0.0%,0.0%,-5.5%,-17.3%,0.0%,0.0%,0.0%,-9.1%,0.0%,0.0%,0.0%,0.0%,-5.4%,-3.6%,0.0%,-2.2%,-6.6%,-4.1%,-5.5%,0.0%,-9.1%,0.0%,-6.5%,0.0%,-6.6%,-5.5%,0.0%,0.0%,0.0%,-6.4%,-6.6%,0.0%,-5.6%,-6.5%,-5.0%,-6.0%
2020.1885,09/03/2020,69,0.0%,0.0%,-4.6%,0.0%,-4.2%,-2.9%,0.0%,-2.7%,0.0%,0.0%,-9.6%,-1.1%,-6.6%,0.0%,-7.9%,-7.0%,-5.1%,0.0%,0.0%,-9.8%,0.0%,-3.6%,-5.1%,-4.6%,-5.6%,-15.3%,-13.5%,-8.5%,-8.1%,-24.1%,-4.6%,-3.5%,-14.7%,-3.7%,0.0%,-3.7%,0.0%,-5.5%,-18.1%,0.0%,0.0%,0.0%,-9.1%,0.0%,-4.9%,0.0%,0.0%,-5.4%,-5.1%,-3.2%,-2.9%,-8.3%,-4.1%,-5.5%,0.0%,-12.1%,0.0%,-9.8%,-1.4%,-6.6%,-5.5%,0.0%,0.0%,0.0%,-6.4%,-6.6%,0.0%,-7.4%,-6.5%,-6.0%,-6.0%
2020.1912,10/03/2020,70,0.0%,0.0%,-4.6%,0.0%,-4.2%,-5.8%,0.0%,-4.8%,0.0%,0.0%,-9.1%,-2.2%,-6.6%,-3.3%,-9.4%,-10.6%,-5.1%,0.0%,0.0%,-12.4%,0.0%,-6.2%,-7.7%,-4.6%,-5.6%,-15.3%,-13.5%,-10.8%,-10.8%,-25.3%,-4.6%,-3.5%,-14.7%,-7.3%,-3.8%,-7.4%,-5.2%,-5.5%,-18.9%,0.0%,0.0%,0.0%,-9.1%,0.0%,-9.8%,0.0%,-2.7%,-5.4%,-6.6%,-6.3%,-3.6%,-10.0%,-4.1%,-5.5%,-2.4%,-15.1%,0.0%,-13.0%,-2.9%,-6.6%,-5.5%,0.0%,0.0%,0.0%,-6.4%,-6.7%,0.0%,-9.1%,-6.5%,-7.1%,-6.1%
2020.194,11/03/2020,71,0.0%,0.0%,-4.6%,0.0%,-4.2%,-8.7%,-1.1%,-7.0%,0.0%,0.0%,-8.6%,-3.3%,-6.6%,-6.6%,-10.8%,-14.1%,-5.1%,0.0%,0.0%,-15.0%,0.0%,-8.8%,-10.3%,-4.6%,-5.6%,-15.3%,-13.5%,-13.0%,-13.4%,-26.5%,-4.6%,-3.5%,-14.7%,-11.0%,-7.5%,-11.1%,-10.4%,-7.4%,-19.6%,0.0%,-2.7%,0.0%,-9.1%,0.0%,-14.7%,0.0%,-5.3%,-5.4%,-8.1%,-9.5%,-4.4%,-11.6%,-4.1%,-7.2%,-4.8%,-18.1%,-0.5%,-17.6%,-4.3%,-6.6%,-5.5%,0.0%,0.0%,0.0%,-6.4%,-6.7%,0.0%,-10.9%,-6.5%,-8.2%,-6.2%
2020.1967,12/03/2020,72,0.0%,0.0%,-4.6%,-3.1%,-4.2%,-11.6%,-2.3%,-8.5%,0.0%,0.0%,-8.3%,-4.4%,-6.6%,-9.9%,-12.3%,-17.6%,-5.1%,0.0%,0.0%,-17.6%,0.0%,-11.4%,-12.9%,-4.6%,-5.6%,-15.3%,-13.5%,-15.3%,-16.1%,-27.7%,-4.6%,-3.5%,-14.7%,-14.6%,-11.3%,-14.8%,-16.8%,-9.4%,-20.4%,0.0%,-5.4%,0.0%,-9.1%,0.0%,-19.6%,0.0%,-8.0%,-7.4%,-9.6%,-12.6%,-5.1%,-13.3%,-4.1%,-8.8%,-7.2%,-21.2%,-2.2%,-22.1%,-5.7%,-6.6%,-5.5%,0.0%,0.0%,0.0%,-6.4%,-6.7%,-0.4%,-12.7%,-6.5%,-9.3%,-6.5%
2020.1994,13/03/2020,73,0.0%,-2.5%,-4.6%,-7.6%,-4.2%,-14.5%,-3.4%,-10.1%,-0.8%,0.0%,-8.1%,-8.0%,-8.8%,-13.2%,-15.1%,-22.5%,-5.1%,-1.8%,-2.8%,-20.2%,-2.5%,-13.1%,-15.4%,-5.9%,-7.4%,-15.3%,-13.5%,-17.5%,-18.8%,-27.7%,-4.6%,-4.4%,-14.7%,-18.3%,-15.0%,-19.9%,-23.2%,-11.4%,-21.2%,0.0%,-8.2%,-2.7%,-9.1%,0.0%,-24.5%,0.0%,-10.7%,-9.3%,-11.1%,-15.8%,-5.1%,-15.0%,-4.1%,-10.4%,-11.2%,-22.7%,-4.0%,-26.7%,-7.1%,-6.6%,-7.2%,0.0%,0.0%,0.0%,-8.8%,-6.9%,-0.7%,-14.4%,-6.5%,-11.6%,-7.0%
2020.2021,14/03/2020,74,-2.6%,-5.1%,-4.6%,-12.1%,-5.5%,-17.4%,-7.0%,-11.7%,-1.5%,0.0%,-7.8%,-11.6%,-11.1%,-16.5%,-16.6%,-27.3%,-5.1%,-3.6%,-5.7%,-24.0%,-4.9%,-14.9%,-18.0%,-7.1%,-9.2%,-15.3%,-13.5%,-19.8%,-18.8%,-27.7%,-4.6%,-5.4%,-14.7%,-22.0%,-18.8%,-24.9%,-29.6%,-13.3%,-22.0%,0.0%,-10.9%,-5.5%,-9.1%,0.0%,-29.4%,-2.6%,-13.3%,-11.3%,-12.6%,-18.9%,-7.0%,-16.7%,-4.1%,-12.0%,-15.2%,-24.1%,-5.7%,-28.0%,-8.6%,-8.7%,-8.9%,0.0%,-1.8%,-1.3%,-11.2%,-7.0%,-1.1%,-17.8%,-6.5%,-13.9%,-7.6%
2020.2049,15/03/2020,75,-5.2%,-7.6%,-4.6%,-16.7%,-6.8%,-21.4%,-10.6%,-13.3%,-2.3%,0.0%,-7.7%,-15.2%,-13.4%,-19.8%,-18.0%,-28.6%,-5.1%,-5.4%,-8.5%,-27.8%,-7.4%,-16.6%,-18.0%,-8.4%,-11.0%,-15.3%,-13.5%,-22.0%,-18.8%,-27.7%,-4.6%,-6.4%,-14.7%,-25.6%,-22.5%,-30.0%,-35.9%,-16.9%,-22.7%,0.0%,-13.6%,-8.2%,-9.1%,0.0%,-34.2%,-5.1%,-16.0%,-13.2%,-14.0%,-22.1%,-8.9%,-16.7%,-4.1%,-13.6%,-19.2%,-25.6%,-7.5%,-29.3%,-10.0%,-10.9%,-10.6%,0.0%,-3.5%,-2.7%,-13.6%,-7.2%,-1.4%,-21.3%,-6.5%,-16.1%,-8.2%
2020.2076,16/03/2020,76,-7.7%,-10.1%,-4.6%,-21.2%,-8.1%,-22.4%,-14.2%,-14.8%,-3.0%,0.0%,-7.6%,-17.7%,-15.6%,-23.1%,-19.4%,-29.9%,-6.8%,-7.2%,-11.3%,-29.1%,-9.8%,-18.3%,-18.0%,-9.7%,-12.8%,-15.3%,-13.5%,-22.0%,-20.3%,-27.7%,-4.6%,-7.4%,-14.7%,-25.6%,-26.3%,-31.4%,-42.3%,-20.4%,-22.7%,0.0%,-17.8%,-11.0%,-9.1%,0.0%,-34.2%,-7.7%,-18.7%,-15.1%,-14.0%,-23.5%,-10.9%,-16.7%,-5.4%,-15.2%,-23.2%,-27.1%,-9.3%,-30.6%,-10.0%,-13.0%,-12.3%,0.0%,-5.3%,-4.0%,-16.0%,-7.6%,-1.8%,-22.9%,-6.5%,-17.7%,-8.9%
2020.2103,17/03/2020,77,-10.3%,-14.0%,-4.6%,-25.7%,-9.5%,-23.5%,-17.8%,-14.8%,-3.8%,0.0%,-7.4%,-20.2%,-17.9%,-23.1%,-20.9%,-31.3%,-8.4%,-8.9%,-14.1%,-30.3%,-12.3%,-18.3%,-18.0%,-10.9%,-14.6%,-15.3%,-13.5%,-22.0%,-21.8%,-27.7%,-4.6%,-8.4%,-14.7%,-25.6%,-26.3%,-32.8%,-43.5%,-24.0%,-22.7%,0.0%,-22.0%,-13.7%,-12.2%,0.0%,-34.2%,-10.2%,-18.7%,-17.1%,-14.0%,-24.9%,-12.8%,-16.7%,-6.8%,-16.8%,-24.8%,-28.6%,-11.0%,-31.9%,-10.0%,-15.1%,-14.0%,-0.6%,-7.1%,-5.3%,-18.4%,-8.1%,-3.1%,-24.5%,-6.5%,-19.2%,-9.6%
2020.2131,18/03/2020,78,-12.9%,-17.9%,-4.6%,-30.2%,-10.8%,-24.5%,-20.3%,-14.8%,-4.5%,0.0%,-7.3%,-22.7%,-21.7%,-23.1%,-22.3%,-32.6%,-10.1%,-10.7%,-17.0%,-31.5%,-14.7%,-18.3%,-18.0%,-12.2%,-16.4%,-15.3%,-13.5%,-22.0%,-23.2%,-27.7%,-4.6%,-9.3%,-14.7%,-25.6%,-26.3%,-34.2%,-44.6%,-25.6%,-22.7%,0.0%,-23.5%,-16.5%,-15.4%,0.0%,-34.2%,-12.8%,-18.7%,-19.0%,-14.0%,-26.3%,-14.7%,-16.7%,-8.1%,-16.8%,-26.5%,-30.1%,-12.3%,-31.9%,-10.0%,-17.2%,-15.7%,-1.3%,-8.8%,-6.6%,-20.8%,-8.8%,-4.4%,-26.2%,-6.5%,-20.6%,-10.2%
2020.2158,19/03/2020,79,-15.5%,-21.8%,-6.5%,-31.7%,-12.1%,-25.6%,-22.8%,-14.8%,-5.3%,-2.9%,-7.2%,-25.1%,-25.4%,-23.1%,-23.7%,-33.9%,-11.8%,-12.5%,-19.8%,-32.8%,-17.2%,-18.3%,-18.0%,-13.5%,-18.2%,-15.3%,-14.9%,-22.0%,-24.7%,-27.7%,-4.6%,-10.3%,-14.7%,-25.6%,-26.3%,-35.6%,-44.6%,-27.2%,-23.0%,0.0%,-25.0%,-19.2%,-18.5%,0.0%,-34.2%,-15.4%,-18.7%,-19.0%,-14.0%,-27.7%,-16.6%,-16.7%,-9.4%,-16.8%,-28.1%,-31.6%,-12.3%,-31.9%,-10.0%,-19.3%,-17.4%,-1.9%,-10.6%,-8.0%,-23.1%,-9.7%,-5.3%,-27.8%,-7.9%,-22.1%,-10.9%
2020.2185,20/03/2020,80,-18.0%,-23.2%,-8.5%,-31.7%,-13.4%,-26.6%,-25.2%,-14.8%,-5.3%,-5.8%,-6.9%,-25.1%,-26.9%,-23.1%,-23.7%,-33.9%,-13.4%,-12.5%,-19.8%,-34.0%,-18.5%,-19.6%,-18.0%,-13.5%,-18.2%,-15.3%,-16.3%,-22.0%,-26.2%,-27.7%,-4.6%,-10.3%,-14.7%,-25.6%,-26.3%,-35.6%,-44.6%,-28.8%,-23.2%,0.0%,-26.5%,-19.2%,-21.6%,0.0%,-34.2%,-17.9%,-18.7%,-19.0%,-14.0%,-29.1%,-18.6%,-16.7%,-10.7%,-16.8%,-28.1%,-31.6%,-12.3%,-31.9%,-10.0%,-21.4%,-17.4%,-2.6%,-12.4%,-9.3%,-23.1%,-11.0%,-6.2%,-29.5%,-9.4%,-22.6%,-11.3%
2020.2213,21/03/2020,81,-18.0%,-24.6%,-10.4%,-31.7%,-13.4%,-27.7%,-25.2%,-14.8%,-7.4%,-8.6%,-6.7%,-25.1%,-28.4%,-24.4%,-23.7%,-33.9%,-15.1%,-12.5%,-19.8%,-34.0%,-19.8%,-20.9%,-18.0%,-13.5%,-18.2%,-15.3%,-17.7%,-22.0%,-27.6%,-27.7%,-4.6%,-10.3%,-14.7%,-25.6%,-26.3%,-35.6%,-44.6%,-30.3%,-23.5%,-2.9%,-28.0%,-19.2%,-24.7%,0.0%,-34.2%,-17.9%,-20.4%,-19.0%,-14.0%,-30.5%,-18.6%,-18.2%,-12.0%,-16.8%,-28.1%,-31.6%,-12.3%,-31.9%,-10.0%,-21.4%,-17.4%,-3.2%,-12.4%,-9.3%,-24.2%,-12.8%,-7.2%,-29.5%,-10.9%,-23.2%,-11.8%
2020.224,22/03/2020,82,-18.0%,-25.9%,-12.4%,-31.7%,-13.4%,-27.7%,-25.2%,-14.8%,-9.4%,-11.5%,-6.3%,-26.8%,-29.9%,-25.7%,-23.7%,-33.9%,-16.7%,-12.5%,-19.8%,-34.0%,-21.1%,-22.2%,-18.0%,-15.2%,-18.2%,-15.3%,-19.0%,-22.0%,-29.1%,-27.7%,-4.6%,-10.3%,-14.7%,-25.6%,-26.3%,-35.6%,-44.6%,-30.3%,-23.7%,-5.7%,-29.5%,-19.2%,-27.8%,0.0%,-34.2%,-17.9%,-22.1%,-19.0%,-15.4%,-31.9%,-18.6%,-19.7%,-13.3%,-16.8%,-28.1%,-31.6%,-12.3%,-31.9%,-10.0%,-21.4%,-17.4%,-3.9%,-12.4%,-9.3%,-25.3%,-14.9%,-8.1%,-29.5%,-12.3%,-23.8%,-12.4%
2020.2267,23/03/2020,83,-18.0%,-27.3%,-15.8%,-31.7%,-14.9%,-27.7%,-25.2%,-14.8%,-11.5%,-14.4%,-6.0%,-28.4%,-31.4%,-27.0%,-23.7%,-33.9%,-16.7%,-12.5%,-19.8%,-34.0%,-22.5%,-23.5%,-18.0%,-17.0%,-18.2%,-15.3%,-20.4%,-22.0%,-29.1%,-27.7%,-4.6%,-10.3%,-14.7%,-25.6%,-26.3%,-35.6%,-44.6%,-30.3%,-24.0%,-8.6%,-29.5%,-19.2%,-32.4%,0.0%,-34.2%,-17.9%,-23.8%,-19.0%,-16.7%,-31.9%,-18.6%,-21.2%,-13.3%,-16.8%,-28.1%,-31.6%,-13.8%,-31.9%,-10.0%,-21.4%,-17.4%,-4.5%,-12.4%,-11.0%,-26.4%,-16.8%,-9.0%,-29.5%,-13.8%,-24.5%,-13.0%
2020.2295,24/03/2020,84,-18.0%,-27.3%,-19.1%,-31.7%,-16.3%,-27.7%,-25.2%,-14.8%,-13.6%,-17.3%,-5.7%,-30.0%,-32.9%,-28.3%,-23.7%,-33.9%,-16.7%,-12.5%,-19.8%,-34.0%,-23.8%,-24.8%,-18.0%,-18.7%,-18.2%,-15.3%,-21.8%,-22.0%,-29.1%,-27.7%,-4.6%,-10.3%,-14.7%,-25.6%,-26.3%,-35.6%,-44.6%,-30.3%,-24.2%,-11.5%,-29.5%,-19.2%,-33.8%,0.0%,-34.2%,-17.9%,-25.5%,-19.0%,-18.1%,-31.9%,-18.6%,-22.7%,-13.3%,-16.8%,-28.1%,-31.6%,-15.2%,-31.9%,-10.0%,-21.4%,-17.4%,-4.5%,-12.4%,-12.8%,-27.5%,-19.0%,-10.2%,-29.5%,-15.2%,-25.1%,-13.7%
2020.2322,25/03/2020,85,-18.0%,-27.3%,-22.5%,-31.7%,-17.8%,-27.7%,-25.2%,-14.8%,-15.7%,-20.1%,-5.4%,-31.6%,-32.9%,-29.6%,-23.7%,-33.9%,-16.7%,-12.5%,-19.8%,-34.0%,-25.1%,-26.1%,-19.3%,-20.5%,-18.2%,-15.3%,-23.2%,-23.2%,-29.1%,-27.7%,-6.2%,-10.3%,-14.7%,-25.6%,-26.3%,-35.6%,-44.6%,-30.3%,-24.5%,-14.4%,-29.5%,-19.2%,-35.3%,0.0%,-34.2%,-17.9%,-27.2%,-19.0%,-19.4%,-31.9%,-18.6%,-24.2%,-14.7%,-16.8%,-28.1%,-31.6%,-16.6%,-31.9%,-10.0%,-21.4%,-17.4%,-4.5%,-12.4%,-14.5%,-28.6%,-21.0%,-11.4%,-29.5%,-16.7%,-25.8%,-14.4%
2020.2349,26/03/2020,86,-18.0%,-27.3%,-24.0%,-31.7%,-19.3%,-27.7%,-25.2%,-14.8%,-17.7%,-20.1%,-5.0%,-33.2%,-32.9%,-31.0%,-23.7%,-33.9%,-16.7%,-12.5%,-19.8%,-34.0%,-26.4%,-27.3%,-20.6%,-22.2%,-18.2%,-15.3%,-23.2%,-24.5%,-29.1%,-27.7%,-7.7%,-10.3%,-14.7%,-25.6%,-26.3%,-35.6%,-44.6%,-30.3%,-24.5%,-17.2%,-29.5%,-19.2%,-36.7%,0.0%,-34.2%,-17.9%,-28.9%,-19.0%,-20.7%,-31.9%,-18.6%,-25.7%,-16.1%,-16.8%,-28.1%,-31.6%,-18.1%,-31.9%,-12.5%,-21.4%,-17.4%,-4.5%,-12.4%,-16.3%,-29.7%,-22.9%,-12.6%,-29.5%,-16.7%,-26.5%,-15.0%
2020.2377,27/03/2020,87,-18.0%,-27.3%,-25.4%,-31.7%,-20.8%,-27.7%,-25.2%,-14.8%,-19.8%,-20.1%,-4.8%,-34.9%,-32.9%,-32.3%,-23.7%,-33.9%,-16.7%,-12.5%,-19.8%,-34.0%,-26.4%,-27.3%,-21.9%,-24.0%,-18.2%,-15.3%,-23.2%,-25.7%,-29.1%,-27.7%,-9.3%,-10.3%,-14.7%,-25.6%,-26.3%,-35.6%,-44.6%,-30.3%,-24.5%,-20.1%,-29.5%,-19.2%,-38.2%,-3.8%,-34.2%,-17.9%,-30.6%,-19.0%,-22.1%,-31.9%,-18.6%,-27.3%,-17.5%,-16.8%,-28.1%,-31.6%,-19.5%,-31.9%,-15.0%,-21.4%,-17.4%,-4.5%,-12.4%,-18.0%,-30.7%,-24.4%,-13.8%,-29.5%,-16.7%,-26.9%,-15.6%
2020.2404,28/03/2020,88,-18.0%,-27.3%,-26.8%,-31.7%,-22.3%,-27.7%,-25.2%,-14.8%,-19.8%,-20.1%,-4.5%,-36.5%,-32.9%,-32.3%,-23.7%,-33.9%,-16.7%,-12.5%,-19.8%,-34.0%,-26.4%,-27.3%,-23.2%,-25.7%,-18.2%,-15.3%,-23.2%,-26.9%,-29.1%,-27.7%,-10.9%,-10.3%,-14.7%,-25.6%,-26.3%,-35.6%,-44.6%,-30.3%,-24.5%,-20.1%,-29.5%,-19.2%,-39.6%,-7.6%,-34.2%,-17.9%,-30.6%,-19.0%,-23.4%,-31.9%,-18.6%,-27.3%,-18.9%,-16.8%,-28.1%,-31.6%,-20.9%,-31.9%,-17.5%,-21.4%,-17.4%,-4.5%,-12.4%,-19.7%,-30.7%,-25.5%,-14.9%,-29.5%,-16.7%,-27.1%,-16.0%
2020.2431,29/03/2020,89,-18.0%,-27.3%,-28.3%,-31.7%,-23.7%,-27.7%,-25.2%,-14.8%,-19.8%,-20.1%,-4.5%,-36.5%,-32.9%,-32.3%,-23.7%,-33.9%,-16.7%,-12.5%,-19.8%,-34.0%,-26.4%,-27.3%,-24.5%,-25.7%,-18.2%,-15.3%,-23.2%,-28.1%,-29.1%,-27.7%,-12.4%,-10.3%,-14.7%,-25.6%,-26.3%,-35.6%,-44.6%,-30.3%,-24.5%,-20.1%,-29.5%,-19.2%,-41.1%,-11.3%,-34.2%,-17.9%,-30.6%,-19.0%,-23.4%,-31.9%,-18.6%,-27.3%,-20.4%,-16.8%,-28.1%,-31.6%,-22.4%,-31.9%,-20.1%,-21.4%,-17.4%,-4.5%,-12.4%,-21.5%,-30.7%,-26.5%,-16.1%,-29.5%,-18.6%,-27.2%,-16.4%
2020.2459,30/03/2020,90,-18.0%,-27.3%,-28.3%,-31.7%,-23.7%,-27.7%,-25.2%,-14.8%,-19.8%,-20.1%,-4.4%,-36.5%,-32.9%,-32.3%,-23.7%,-33.9%,-16.7%,-12.5%,-19.8%,-34.0%,-26.4%,-27.3%,-25.8%,-25.7%,-18.2%,-15.3%,-23.2%,-29.4%,-29.1%,-27.7%,-14.0%,-10.3%,-14.7%,-25.6%,-26.3%,-35.6%,-44.6%,-30.3%,-24.5%,-20.1%,-29.5%,-19.2%,-41.1%,-15.1%,-34.2%,-17.9%,-30.6%,-19.0%,-23.4%,-31.9%,-18.6%,-27.3%,-21.8%,-16.8%,-28.1%,-31.6%,-22.4%,-31.9%,-22.6%,-21.4%,-17.4%,-4.5%,-12.4%,-21.5%,-30.7%,-27.5%,-17.3%,-29.5%,-20.5%,-27.3%,-16.7%
2020.2486,31/03/2020,91,-18.0%,-27.3%,-28.3%,-31.7%,-23.7%,-27.7%,-25.2%,-14.8%,-19.8%,-20.1%,-4.4%,-36.5%,-32.9%,-32.3%,-23.7%,-33.9%,-16.7%,-12.5%,-19.8%,-34.0%,-26.4%,-27.3%,-27.1%,-25.7%,-18.2%,-15.3%,-23.2%,-30.6%,-29.1%,-27.7%,-15.5%,-10.3%,-14.7%,-25.6%,-26.3%,-35.6%,-44.6%,-30.3%,-24.5%,-20.1%,-29.5%,-19.2%,-41.1%,-18.9%,-34.2%,-17.9%,-30.6%,-19.0%,-23.4%,-31.9%,-18.6%,-27.3%,-23.2%,-16.8%,-28.1%,-31.6%,-22.4%,-31.9%,-25.1%,-21.4%,-17.4%,-4.5%,-12.4%,-21.5%,-30.7%,-28.2%,-17.3%,-29.5%,-22.4%,-27.3%,-16.9%
2020.2513,01/04/2020,92,-19.3%,-27.3%,-28.3%,-31.7%,-23.7%,-27.7%,-25.2%,-14.8%,-19.8%,-20.1%,-4.3%,-36.5%,-32.9%,-32.3%,-23.7%,-33.9%,-16.7%,-12.5%,-19.8%,-34.0%,-26.4%,-27.3%,-27.1%,-25.7%,-18.2%,-15.3%,-23.2%,-30.6%,-29.1%,-27.7%,-15.5%,-10.3%,-14.7%,-25.6%,-26.3%,-35.6%,-44.6%,-30.3%,-24.5%,-20.1%,-29.5%,-19.2%,-41.1%,-22.7%,-34.2%,-17.9%,-30.6%,-19.0%,-23.4%,-31.9%,-18.6%,-27.3%,-23.2%,-16.8%,-28.1%,-31.6%,-22.4%,-31.9%,-27.6%,-21.4%,-17.4%,-4.5%,-12.4%,-21.5%,-30.7%,-29.0%,-17.3%,-29.5%,-24.3%,-27.4%,-17.0%
2020.2541,02/04/2020,93,-20.6%,-27.3%,-28.3%,-31.7%,-23.7%,-27.7%,-25.2%,-14.8%,-19.8%,-20.1%,-4.3%,-36.5%,-32.9%,-32.3%,-23.7%,-33.9%,-16.7%,-12.5%,-19.8%,-34.0%,-26.4%,-27.3%,-27.1%,-25.7%,-18.2%,-15.3%,-23.2%,-30.6%,-29.1%,-27.7%,-15.5%,-10.3%,-14.7%,-25.6%,-26.3%,-35.6%,-44.6%,-30.3%,-24.5%,-20.1%,-29.5%,-19.2%,-41.1%,-26.5%,-34.2%,-17.9%,-30.6%,-19.0%,-23.4%,-31.9%,-18.6%,-27.3%,-23.2%,-16.8%,-28.1%,-31.6%,-22.4%,-31.9%,-27.6%,-21.4%,-17.4%,-4.5%,-12.4%,-21.5%,-30.7%,-29.7%,-17.3%,-29.5%,-26.2%,-27.4%,-17.2%
2020.2568,03/04/2020,94,-21.9%,-27.3%,-28.3%,-31.7%,-23.7%,-27.7%,-25.2%,-14.8%,-19.8%,-20.1%,-4.1%,-36.5%,-32.9%,-32.3%,-23.7%,-33.9%,-16.7%,-12.5%,-19.8%,-34.0%,-26.4%,-27.3%,-27.1%,-25.7%,-18.2%,-15.3%,-23.2%,-30.6%,-29.1%,-27.7%,-15.5%,-10.3%,-14.7%,-25.6%,-26.3%,-35.6%,-44.6%,-30.3%,-24.5%,-20.1%,-29.5%,-19.2%,-41.1%,-26.5%,-34.2%,-17.9%,-30.6%,-19.0%,-23.4%,-31.9%,-18.6%,-27.3%,-23.2%,-18.5%,-28.1%,-31.6%,-22.4%,-31.9%,-27.6%,-21.4%,-17.4%,-4.5%,-12.4%,-21.5%,-30.7%,-30.3%,-17.3%,-29.5%,-28.1%,-27.4%,-17.2%
2020.2595,04/04/2020,95,-23.2%,-27.3%,-28.3%,-31.7%,-23.7%,-27.7%,-22.8%,-13.3%,-19.8%,-20.1%,-4.0%,-36.5%,-32.9%,-32.3%,-23.7%,-33.9%,-16.7%,-12.5%,-19.8%,-34.0%,-26.4%,-27.3%,-27.1%,-25.7%,-18.2%,-15.3%,-23.2%,-30.6%,-29.1%,-27.7%,-15.5%,-10.3%,-14.7%,-25.6%,-26.3%,-35.6%,-44.6%,-30.3%,-24.5%,-20.1%,-29.5%,-19.2%,-41.1%,-26.5%,-34.2%,-17.9%,-30.6%,-19.0%,-23.4%,-31.9%,-18.6%,-27.3%,-23.2%,-20.3%,-28.1%,-31.6%,-22.4%,-31.9%,-27.6%,-21.4%,-17.4%,-4.5%,-12.4%,-22.9%,-30.7%,-30.8%,-17.3%,-29.5%,-30.0%,-27.3%,-17.3%
2020.2623,05/04/2020,96,-24.5%,-27.3%,-28.3%,-31.7%,-23.7%,-27.7%,-20.3%,-11.7%,-19.8%,-20.1%,-3.7%,-36.5%,-32.9%,-32.3%,-23.7%,-33.9%,-16.7%,-12.5%,-19.8%,-34.0%,-26.4%,-27.3%,-27.1%,-25.7%,-18.2%,-15.3%,-23.2%,-30.6%,-29.1%,-27.7%,-15.5%,-10.3%,-14.7%,-25.6%,-26.3%,-35.6%,-44.6%,-30.3%,-24.5%,-20.1%,-29.5%,-19.2%,-41.1%,-26.5%,-34.2%,-17.9%,-30.6%,-19.0%,-23.4%,-31.9%,-18.6%,-27.3%,-23.2%,-22.0%,-28.1%,-31.6%,-22.4%,-31.9%,-27.6%,-21.4%,-17.4%,-4.5%,-12.4%,-24.3%,-30.7%,-31.2%,-17.3%,-29.5%,-30.0%,-27.3%,-17.3%
2020.265,06/04/2020,97,-25.8%,-27.3%,-28.3%,-31.7%,-23.7%,-27.7%,-17.8%,-10.1%,-19.8%,-20.1%,-3.3%,-36.5%,-32.9%,-32.3%,-23.7%,-33.9%,-16.7%,-12.5%,-19.8%,-34.0%,-26.4%,-27.3%,-27.1%,-25.7%,-18.2%,-15.3%,-23.2%,-30.6%,-29.1%,-27.7%,-15.5%,-10.3%,-14.7%,-25.6%,-26.3%,-35.6%,-44.6%,-30.3%,-24.5%,-20.1%,-29.5%,-19.2%,-41.1%,-26.5%,-34.2%,-17.9%,-30.6%,-19.0%,-23.4%,-31.9%,-18.6%,-27.3%,-23.2%,-23.7%,-28.1%,-31.6%,-22.4%,-31.9%,-27.6%,-21.4%,-17.4%,-4.5%,-12.4%,-25.7%,-30.7%,-31.4%,-17.3%,-29.5%,-30.0%,-27.3%,-17.3%
2020.2677,07/04/2020,98,-27.1%,-27.3%,-28.3%,-31.7%,-23.7%,-27.7%,-15.3%,-8.5%,-19.8%,-20.1%,-3.0%,-36.5%,-32.9%,-32.3%,-23.7%,-33.9%,-16.7%,-12.5%,-19.8%,-34.0%,-26.4%,-27.3%,-27.1%,-25.7%,-18.2%,-15.3%,-23.2%,-30.6%,-29.1%,-27.7%,-15.5%,-10.3%,-14.7%,-25.6%,-26.3%,-35.6%,-44.6%,-30.3%,-24.5%,-20.1%,-29.5%,-19.2%,-41.1%,-26.5%,-34.2%,-17.9%,-30.6%,-19.0%,-23.4%,-31.9%,-18.6%,-27.3%,-23.2%,-25.4%,-28.1%,-31.6%,-22.4%,-31.9%,-27.6%,-21.4%,-17.4%,-4.5%,-12.4%,-27.1%,-30.7%,-31.5%,-17.3%,-29.5%,-30.0%,-27.3%,-17.2%
2020.2705,08/04/2020,99,-27.1%,-27.3%,-28.3%,-31.7%,-23.7%,-27.7%,-12.8%,-7.0%,-19.8%,-20.1%,-2.7%,-36.5%,-32.9%,-32.3%,-23.7%,-33.9%,-16.7%,-12.5%,-19.8%,-34.0%,-26.4%,-27.3%,-27.1%,-25.7%,-18.2%,-15.3%,-23.2%,-30.6%,-29.1%,-27.7%,-15.5%,-10.3%,-14.7%,-25.6%,-26.3%,-35.6%,-44.6%,-30.3%,-24.5%,-20.1%,-29.5%,-19.2%,-41.1%,-26.5%,-34.2%,-17.9%,-30.6%,-19.0%,-23.4%,-31.9%,-18.6%,-27.3%,-23.2%,-27.2%,-28.1%,-31.6%,-22.4%,-31.9%,-27.6%,-21.4%,-17.4%,-4.5%,-12.4%,-28.5%,-30.7%,-31.5%,-17.3%,-29.5%,-30.0%,-27.3%,-17.1%
2020.2732,09/04/2020,100,-27.1%,-27.3%,-28.3%,-31.7%,-23.7%,-27.7%,-10.4%,-5.4%,-19.8%,-20.1%,-2.4%,-36.5%,-32.9%,-32.3%,-23.7%,-33.9%,-16.7%,-12.5%,-19.8%,-34.0%,-26.4%,-27.3%,-27.1%,-25.7%,-18.2%,-15.3%,-23.2%,-30.6%,-29.1%,-27.7%,-15.5%,-10.3%,-14.7%,-25.6%,-26.3%,-35.6%,-44.6%,-30.3%,-24.5%,-20.1%,-29.5%,-19.2%,-41.1%,-26.5%,-34.2%,-17.9%,-30.6%,-19.0%,-23.4%,-31.9%,-18.6%,-27.3%,-23.2%,-28.9%,-28.1%,-31.6%,-22.4%,-31.9%,-27.6%,-21.4%,-17.4%,-4.5%,-12.4%,-29.9%,-30.7%,-31.6%,-17.3%,-29.5%,-30.0%,-27.2%,-17.1%
2020.2759,10/04/2020,101,-27.1%,-27.3%,-28.3%,-31.7%,-23.7%,-27.7%,-7.9%,-3.8%,-19.8%,-20.1%,-2.2%,-36.5%,-32.9%,-32.3%,-23.7%,-33.9%,-16.7%,-12.5%,-19.8%,-34.0%,-26.4%,-27.3%,-27.1%,-25.7%,-18.2%,-15.3%,-23.2%,-30.6%,-29.1%,-27.7%,-15.5%,-10.3%,-14.7%,-25.6%,-26.3%,-35.6%,-44.6%,-30.3%,-24.5%,-20.1%,-29.5%,-19.2%,-41.1%,-26.5%,-34.2%,-17.9%,-30.6%,-19.0%,-23.4%,-31.9%,-18.6%,-27.3%,-23.2%,-28.9%,-28.1%,-31.6%,-22.4%,-30.6%,-27.6%,-21.4%,-17.4%,-4.5%,-12.4%,-31.4%,-30.7%,-31.6%,-17.3%,-29.5%,-30.0%,-27.2%,-17.0%
2020.2787,11/04/2020,102,-27.1%,-27.3%,-28.3%,-30.2%,-23.7%,-27.7%,-7.9%,-3.8%,-19.8%,-20.1%,-2.0%,-36.5%,-32.9%,-32.3%,-23.7%,-33.9%,-16.7%,-12.5%,-19.8%,-34.0%,-26.4%,-27.3%,-27.1%,-25.7%,-18.2%,-15.3%,-23.2%,-30.6%,-29.1%,-26.5%,-15.5%,-10.3%,-14.7%,-25.6%,-26.3%,-35.6%,-44.6%,-30.3%,-24.5%,-20.1%,-29.5%,-19.2%,-41.1%,-26.5%,-34.2%,-17.9%,-28.9%,-19.0%,-23.4%,-31.9%,-18.6%,-27.3%,-23.2%,-28.9%,-28.1%,-31.6%,-22.4%,-29.3%,-27.6%,-21.4%,-17.4%,-4.5%,-12.4%,-31.4%,-30.7%,-31.6%,-17.3%,-29.5%,-30.0%,-27.1%,-16.9%
2020.2814,12/04/2020,103,-27.1%,-27.3%,-28.3%,-28.8%,-23.7%,-27.7%,-7.9%,-3.8%,-19.8%,-20.1%,-2.0%,-36.5%,-32.9%,-32.3%,-23.7%,-32.6%,-16.7%,-12.5%,-19.8%,-34.0%,-26.4%,-27.3%,-27.1%,-25.7%,-18.2%,-15.3%,-23.2%,-30.6%,-29.1%,-25.3%,-15.5%,-10.3%,-14.7%,-25.6%,-26.3%,-35.6%,-44.6%,-30.3%,-24.5%,-20.1%,-29.5%,-19.2%,-41.1%,-26.5%,-34.2%,-17.9%,-27.2%,-19.0%,-23.4%,-31.9%,-18.6%,-27.3%,-23.2%,-28.9%,-28.1%,-31.6%,-22.4%,-28.0%,-27.6%,-21.4%,-17.4%,-4.5%,-12.4%,-31.4%,-30.7%,-31.6%,-17.3%,-29.5%,-28.1%,-26.9%,-16.9%
2020.2841,13/04/2020,104,-27.1%,-27.3%,-28.3%,-27.4%,-23.7%,-27.7%,-7.9%,-3.8%,-19.8%,-20.1%,-1.9%,-36.5%,-32.9%,-32.3%,-23.7%,-31.3%,-16.7%,-12.5%,-19.8%,-34.0%,-26.4%,-27.3%,-27.1%,-25.7%,-18.2%,-15.3%,-23.2%,-30.6%,-29.1%,-24.1%,-15.5%,-10.3%,-14.7%,-25.6%,-26.3%,-35.6%,-44.6%,-30.3%,-24.5%,-20.1%,-29.5%,-19.2%,-41.1%,-26.5%,-34.2%,-17.9%,-25.5%,-19.0%,-23.4%,-31.9%,-18.6%,-27.3%,-23.2%,-28.9%,-28.1%,-31.6%,-22.4%,-26.7%,-27.6%,-21.4%,-17.4%,-4.5%,-12.4%,-31.4%,-30.7%,-31.6%,-17.3%,-29.5%,-26.2%,-26.7%,-16.8%
2020.2869,14/04/2020,105,-27.1%,-27.3%,-28.3%,-25.9%,-23.7%,-27.7%,-7.9%,-3.8%,-19.8%,-20.1%,-1.9%,-36.5%,-32.9%,-32.3%,-23.7%,-29.9%,-16.7%,-12.5%,-19.8%,-34.0%,-26.4%,-27.3%,-27.1%,-25.7%,-18.2%,-15.3%,-23.2%,-30.6%,-29.1%,-22.9%,-15.5%,-10.3%,-14.7%,-25.6%,-26.3%,-35.6%,-44.6%,-30.3%,-24.5%,-20.1%,-29.5%,-19.2%,-41.1%,-26.5%,-34.2%,-17.9%,-23.8%,-19.0%,-23.4%,-31.9%,-18.6%,-27.3%,-23.2%,-28.9%,-28.1%,-31.6%,-22.4%,-25.4%,-27.6%,-21.4%,-17.4%,-4.5%,-12.4%,-31.4%,-30.7%,-31.6%,-17.3%,-29.5%,-24.3%,-26.5%,-16.7%
2020.2896,15/04/2020,106,-27.1%,-27.3%,-28.3%,-24.5%,-23.7%,-27.7%,-7.9%,-3.8%,-19.8%,-20.1%,-1.8%,-36.5%,-32.9%,-32.3%,-23.7%,-28.6%,-16.7%,-12.5%,-19.8%,-34.0%,-26.4%,-27.3%,-27.1%,-25.7%,-18.2%,-13.8%,-23.2%,-30.6%,-29.1%,-21.6%,-15.5%,-10.3%,-14.7%,-25.6%,-26.3%,-35.6%,-44.6%,-30.3%,-24.5%,-20.1%,-29.5%,-19.2%,-41.1%,-26.5%,-34.2%,-17.9%,-22.1%,-19.0%,-23.4%,-31.9%,-18.6%,-27.3%,-23.2%,-28.9%,-28.1%,-31.6%,-22.4%,-24.1%,-27.6%,-21.4%,-17.4%,-4.5%,-12.4%,-31.4%,-30.7%,-31.6%,-17.3%,-29.5%,-22.4%,-26.4%,-16.6%
2020.2923,16/04/2020,107,-27.1%,-27.3%,-28.3%,-23.0%,-23.7%,-27.7%,-7.9%,-3.8%,-19.8%,-20.1%,-1.7%,-36.5%,-32.9%,-32.3%,-23.7%,-27.3%,-16.7%,-12.5%,-19.8%,-34.0%,-26.4%,-27.3%,-27.1%,-25.7%,-18.2%,-12.3%,-23.2%,-30.6%,-29.1%,-20.4%,-15.5%,-10.3%,-14.7%,-25.6%,-26.3%,-35.6%,-44.6%,-30.3%,-24.5%,-20.1%,-29.5%,-19.2%,-41.1%,-26.5%,-34.2%,-17.9%,-20.4%,-19.0%,-22.1%,-31.9%,-18.6%,-27.3%,-23.2%,-28.9%,-28.1%,-31.6%,-22.4%,-22.8%,-27.6%,-21.4%,-17.4%,-4.5%,-12.4%,-31.4%,-30.7%,-31.6%,-17.3%,-29.5%,-20.5%,-26.1%,-16.5%
2020.295,17/04/2020,108,-27.1%,-27.3%,-28.3%,-21.6%,-23.7%,-27.7%,-7.9%,-3.8%,-19.8%,-20.1%,-1.7%,-36.5%,-32.9%,-32.3%,-22.3%,-26.0%,-16.7%,-12.5%,-19.8%,-34.0%,-25.1%,-27.3%,-27.1%,-25.7%,-18.2%,-10.8%,-23.2%,-30.6%,-29.1%,-19.2%,-15.5%,-10.3%,-13.3%,-24.0%,-26.3%,-35.6%,-43.5%,-30.3%,-24.5%,-20.1%,-29.5%,-19.2%,-41.1%,-26.5%,-32.7%,-17.9%,-18.7%,-19.0%,-20.7%,-31.9%,-18.6%,-27.3%,-23.2%,-28.9%,-28.1%,-30.1%,-22.4%,-22.8%,-27.6%,-21.4%,-17.4%,-4.5%,-12.4%,-31.4%,-30.7%,-31.6%,-17.3%,-29.5%,-18.6%,-25.4%,-16.4%
2020.2978,18/04/2020,109,-27.1%,-27.3%,-28.3%,-21.6%,-23.7%,-27.7%,-7.9%,-3.8%,-19.8%,-20.1%,-1.6%,-36.5%,-32.9%,-32.3%,-20.9%,-24.7%,-16.7%,-12.5%,-19.8%,-34.0%,-23.8%,-27.3%,-27.1%,-25.7%,-18.2%,-9.3%,-23.2%,-30.6%,-29.1%,-19.2%,-15.5%,-10.3%,-11.8%,-22.4%,-26.3%,-35.6%,-42.3%,-30.3%,-24.5%,-20.1%,-29.5%,-19.2%,-41.1%,-26.5%,-31.1%,-17.9%,-18.7%,-19.0%,-19.4%,-31.9%,-18.6%,-27.3%,-23.2%,-28.9%,-28.1%,-28.6%,-22.4%,-22.8%,-27.6%,-21.4%,-17.4%,-4.5%,-12.4%,-31.4%,-30.7%,-31.6%,-17.3%,-29.5%,-16.7%,-24.9%,-16.2%
2020.3005,19/04/2020,110,-27.1%,-27.3%,-28.3%,-21.6%,-23.7%,-27.7%,-7.9%,-3.8%,-19.8%,-20.1%,-1.5%,-36.5%,-32.9%,-32.3%,-19.4%,-24.7%,-16.7%,-12.5%,-19.8%,-34.0%,-22.5%,-27.3%,-27.1%,-25.7%,-18.2%,-7.8%,-23.2%,-30.6%,-29.1%,-19.2%,-15.5%,-10.3%,-10.4%,-20.8%,-26.3%,-35.6%,-41.2%,-30.3%,-24.5%,-20.1%,-29.5%,-19.2%,-41.1%,-26.5%,-29.6%,-17.9%,-18.7%,-19.0%,-18.1%,-31.9%,-18.6%,-27.3%,-23.2%,-28.9%,-26.5%,-27.1%,-22.4%,-22.8%,-27.6%,-21.4%,-17.4%,-4.5%,-12.4%,-31.4%,-30.7%,-31.5%,-17.3%,-29.5%,-15.2%,-24.4%,-16.0%
2020.3032,20/04/2020,111,-27.1%,-27.3%,-28.3%,-21.6%,-23.7%,-27.7%,-7.9%,-3.8%,-19.8%,-20.1%,-1.4%,-36.5%,-32.9%,-32.3%,-18.0%,-24.7%,-15.1%,-12.5%,-19.8%,-34.0%,-21.1%,-27.3%,-27.1%,-25.7%,-18.2%,-6.2%,-21.8%,-30.6%,-29.1%,-19.2%,-15.5%,-10.3%,-9.0%,-19.2%,-26.3%,-35.6%,-40.0%,-30.3%,-24.5%,-20.1%,-29.5%,-19.2%,-41.1%,-26.5%,-28.0%,-17.9%,-18.7%,-19.0%,-16.7%,-31.9%,-18.6%,-27.3%,-23.2%,-28.9%,-24.8%,-25.6%,-22.4%,-22.8%,-27.6%,-21.4%,-17.4%,-4.5%,-12.4%,-31.4%,-30.7%,-31.5%,-17.3%,-29.5%,-13.8%,-23.9%,-15.9%
2020.306,21/04/2020,112,-25.8%,-27.3%,-28.3%,-21.6%,-23.7%,-27.7%,-7.9%,-3.8%,-19.8%,-20.1%,-1.2%,-36.5%,-32.9%,-32.3%,-16.6%,-24.7%,-13.4%,-12.5%,-19.8%,-34.0%,-19.8%,-27.3%,-27.1%,-25.7%,-18.2%,-4.7%,-20.4%,-30.6%,-29.1%,-19.2%,-15.5%,-10.3%,-7.5%,-17.6%,-26.3%,-35.6%,-38.8%,-30.3%,-24.5%,-20.1%,-29.5%,-19.2%,-41.1%,-26.5%,-26.4%,-17.9%,-18.7%,-19.0%,-15.4%,-31.9%,-18.6%,-27.3%,-23.2%,-28.9%,-23.2%,-24.1%,-22.4%,-22.8%,-27.6%,-21.4%,-17.4%,-4.5%,-12.4%,-31.4%,-30.7%,-31.4%,-17.3%,-29.5%,-12.3%,-23.4%,-15.7%
2020.3087,22/04/2020,113,-24.5%,-27.3%,-28.3%,-21.6%,-23.7%,-27.7%,-7.9%,-3.8%,-19.8%,-20.1%,-1.1%,-36.5%,-32.9%,-32.3%,-15.1%,-24.7%,-11.8%,-12.5%,-19.8%,-34.0%,-18.5%,-27.3%,-27.1%,-25.7%,-18.2%,-4.7%,-19.0%,-30.6%,-27.6%,-19.2%,-15.5%,-10.3%,-6.1%,-15.9%,-26.3%,-35.6%,-37.7%,-30.3%,-24.5%,-20.1%,-29.5%,-19.2%,-41.1%,-26.5%,-24.9%,-17.9%,-18.7%,-19.0%,-14.0%,-31.9%,-18.6%,-27.3%,-23.2%,-28.9%,-21.6%,-22.7%,-22.4%,-22.8%,-27.6%,-21.4%,-17.4%,-4.5%,-12.4%,-29.9%,-30.7%,-31.3%,-17.3%,-29.5%,-10.9%,-22.9%,-15.5%
2020.3114,23/04/2020,114,-23.2%,-27.3%,-28.3%,-21.6%,-23.7%,-27.7%,-7.9%,-3.8%,-19.8%,-20.1%,-1.1%,-36.5%,-32.9%,-32.3%,-13.7%,-24.7%,-10.1%,-12.5%,-19.8%,-34.0%,-17.2%,-27.3%,-27.1%,-25.7%,-18.2%,-4.7%,-17.7%,-30.6%,-26.2%,-19.2%,-15.5%,-10.3%,-4.6%,-14.3%,-26.3%,-35.6%,-36.5%,-30.3%,-24.5%,-20.1%,-29.5%,-19.2%,-41.1%,-26.5%,-23.3%,-17.9%,-18.7%,-19.0%,-14.0%,-31.9%,-18.6%,-27.3%,-23.2%,-28.9%,-19.9%,-21.2%,-22.4%,-22.8%,-27.6%,-21.4%,-17.4%,-4.5%,-12.4%,-28.5%,-30.7%,-31.1%,-17.3%,-29.5%,-9.4%,-22.5%,-15.4%
2020.3142,24/04/2020,115,-21.9%,-27.3%,-26.8%,-21.6%,-22.3%,-27.7%,-7.9%,-3.8%,-19.8%,-20.1%,-1.0%,-34.9%,-31.4%,-32.3%,-13.7%,-24.7%,-8.4%,-12.5%,-19.8%,-34.0%,-17.2%,-27.3%,-27.1%,-25.7%,-18.2%,-4.7%,-16.3%,-30.6%,-24.7%,-19.2%,-15.5%,-10.3%,-4.6%,-14.3%,-26.3%,-34.2%,-36.5%,-30.3%,-24.5%,-20.1%,-29.5%,-19.2%,-39.6%,-26.5%,-23.3%,-17.9%,-18.7%,-19.0%,-14.0%,-31.9%,-18.6%,-27.3%,-23.2%,-28.9%,-18.3%,-21.2%,-22.4%,-22.8%,-27.6%,-21.4%,-17.4%,-4.5%,-12.4%,-27.1%,-30.7%,-30.9%,-17.3%,-29.5%,-7.9%,-22.4%,-15.2%
2020.3169,25/04/2020,116,-20.6%,-27.3%,-25.4%,-21.6%,-20.8%,-27.7%,-7.9%,-3.8%,-19.8%,-20.1%,-1.0%,-33.2%,-29.9%,-32.3%,-13.7%,-24.7%,-6.8%,-12.5%,-19.8%,-34.0%,-17.2%,-27.3%,-27.1%,-25.7%,-18.2%,-4.7%,-14.9%,-30.6%,-23.2%,-19.2%,-15.5%,-10.3%,-4.6%,-14.3%,-26.3%,-32.8%,-36.5%,-30.3%,-24.5%,-20.1%,-29.5%,-19.2%,-38.2%,-26.5%,-23.3%,-17.9%,-18.7%,-19.0%,-14.0%,-31.9%,-18.6%,-27.3%,-23.2%,-28.9%,-16.7%,-21.2%,-22.4%,-22.8%,-27.6%,-21.4%,-17.4%,-4.5%,-12.4%,-25.7%,-30.7%,-30.8%,-17.3%,-29.5%,-6.5%,-22.4%,-15.1%
2020.3196,26/04/2020,117,-19.3%,-27.3%,-24.0%,-21.6%,-19.3%,-27.7%,-7.9%,-3.8%,-19.8%,-20.1%,-0.9%,-31.6%,-28.4%,-32.3%,-13.7%,-24.7%,-5.1%,-12.5%,-19.8%,-34.0%,-17.2%,-27.3%,-27.1%,-25.7%,-18.2%,-4.7%,-13.5%,-30.6%,-21.8%,-19.2%,-15.5%,-10.3%,-4.6%,-14.3%,-26.3%,-31.4%,-36.5%,-30.3%,-24.5%,-20.1%,-29.5%,-19.2%,-36.7%,-26.5%,-23.3%,-17.9%,-18.7%,-19.0%,-14.0%,-31.9%,-18.6%,-27.3%,-23.2%,-27.2%,-16.7%,-21.2%,-22.4%,-22.8%,-27.6%,-21.4%,-17.4%,-4.5%,-12.4%,-24.3%,-30.7%,-30.6%,-17.3%,-29.5%,-6.5%,-22.4%,-15.0%
2020.3224,27/04/2020,118,-18.0%,-27.3%,-22.5%,-21.6%,-17.8%,-27.7%,-7.9%,-3.8%,-19.8%,-20.1%,-0.9%,-30.0%,-26.9%,-32.3%,-13.7%,-24.7%,-5.1%,-12.5%,-19.8%,-34.0%,-17.2%,-27.3%,-27.1%,-25.7%,-18.2%,-4.7%,-13.5%,-30.6%,-20.3%,-19.2%,-15.5%,-10.3%,-4.6%,-14.3%,-26.3%,-30.0%,-36.5%,-30.3%,-24.5%,-20.1%,-29.5%,-19.2%,-35.3%,-26.5%,-23.3%,-17.9%,-18.7%,-19.0%,-14.0%,-31.9%,-18.6%,-27.3%,-23.2%,-25.4%,-16.7%,-21.2%,-22.4%,-22.8%,-27.6%,-21.4%,-17.4%,-4.5%,-12.4%,-22.9%,-30.7%,-30.3%,-17.3%,-29.5%,-6.5%,-22.4%,-14.9%
2020.3251,28/04/2020,119,-18.0%,-27.3%,-21.1%,-21.6%,-16.3%,-27.7%,-7.9%,-3.8%,-19.8%,-20.1%,-0.9%,-28.4%,-25.4%,-32.3%,-13.7%,-24.7%,-5.1%,-12.5%,-19.8%,-34.0%,-17.2%,-27.3%,-27.1%,-25.7%,-18.2%,-4.7%,-13.5%,-30.6%,-18.8%,-19.2%,-15.5%,-10.3%,-4.6%,-14.3%,-26.3%,-28.6%,-36.5%,-30.3%,-24.5%,-20.1%,-29.5%,-19.2%,-33.8%,-26.5%,-23.3%,-17.9%,-18.7%,-19.0%,-14.0%,-31.9%,-18.6%,-27.3%,-23.2%,-23.7%,-16.7%,-21.2%,-20.9%,-22.8%,-27.6%,-21.4%,-17.4%,-4.5%,-12.4%,-21.5%,-30.7%,-29.5%,-17.3%,-29.5%,-6.5%,-22.4%,-14.7%
2020.3278,29/04/2020,120,-18.0%,-27.3%,-19.6%,-21.6%,-14.9%,-27.7%,-7.9%,-3.8%,-19.8%,-20.1%,-0.9%,-26.8%,-23.9%,-32.3%,-13.7%,-24.7%,-5.1%,-12.5%,-19.8%,-34.0%,-17.2%,-27.3%,-27.1%,-25.7%,-18.2%,-4.7%,-13.5%,-30.6%,-18.8%,-19.2%,-15.5%,-10.3%,-4.6%,-14.3%,-26.3%,-27.3%,-36.5%,-30.3%,-24.5%,-20.1%,-29.5%,-19.2%,-32.4%,-26.5%,-23.3%,-17.9%,-18.7%,-19.0%,-14.0%,-31.9%,-18.6%,-27.3%,-23.2%,-22.0%,-16.7%,-21.2%,-19.5%,-22.8%,-27.6%,-21.4%,-17.4%,-4.5%,-12.4%,-21.5%,-30.7%,-28.7%,-17.3%,-29.5%,-6.5%,-22.4%,-14.5%
2020.3306,30/04/2020,121,-18.0%,-27.3%,-18.2%,-21.6%,-13.4%,-27.7%,-7.9%,-3.8%,-19.8%,-20.1%,-0.8%,-25.1%,-22.4%,-32.3%,-13.7%,-24.7%,-5.1%,-12.5%,-19.8%,-34.0%,-17.2%,-27.3%,-27.1%,-24.0%,-18.2%,-4.7%,-13.5%,-30.6%,-18.8%,-19.2%,-15.5%,-10.3%,-4.6%,-14.3%,-26.3%,-25.9%,-36.5%,-30.3%,-24.5%,-20.1%,-29.5%,-19.2%,-30.9%,-26.5%,-23.3%,-17.9%,-18.7%,-19.0%,-14.0%,-31.9%,-18.6%,-27.3%,-23.2%,-20.3%,-16.7%,-21.2%,-18.1%,-22.8%,-27.6%,-19.3%,-17.4%,-4.5%,-12.4%,-21.5%,-30.7%,-27.8%,-17.3%,-29.5%,-6.5%,-22.3%,-14.1%
2020.3333,01/05/2020,122,-18.0%,-27.3%,-18.2%,-21.6%,-13.4%,-26.6%,-7.9%,-3.8%,-17.7%,-20.1%,-0.8%,-25.1%,-22.4%,-31.0%,-13.7%,-24.7%,-5.1%,-12.5%,-19.8%,-34.0%,-15.4%,-26.1%,-25.8%,-22.2%,-18.2%,-4.7%,-13.5%,-30.6%,-18.8%,-19.2%,-15.5%,-10.3%,-4.6%,-14.3%,-26.3%,-25.9%,-36.5%,-28.8%,-24.2%,-20.1%,-29.5%,-19.2%,-30.9%,-23.8%,-23.3%,-17.9%,-18.7%,-19.0%,-12.6%,-30.5%,-18.6%,-27.3%,-23.2%,-18.5%,-16.7%,-21.2%,-16.6%,-22.8%,-27.6%,-17.2%,-17.4%,-4.5%,-12.4%,-21.5%,-30.7%,-26.5%,-17.3%,-29.5%,-6.5%,-21.7%,-13.6%
2020.336,02/05/2020,123,-18.0%,-27.3%,-18.2%,-21.6%,-13.4%,-25.6%,-7.9%,-3.8%,-15.7%,-20.1%,-0.7%,-25.1%,-22.4%,-29.6%,-13.7%,-24.7%,-5.1%,-12.5%,-19.8%,-34.0%,-13.7%,-24.8%,-24.5%,-20.5%,-18.2%,-4.7%,-13.5%,-30.6%,-18.8%,-19.2%,-15.5%,-10.3%,-4.6%,-14.3%,-26.3%,-25.9%,-36.5%,-27.2%,-24.0%,-20.1%,-29.5%,-19.2%,-30.9%,-21.0%,-23.3%,-17.9%,-18.7%,-19.0%,-11.1%,-29.1%,-18.6%,-27.3%,-23.2%,-16.8%,-16.7%,-21.2%,-15.2%,-22.8%,-27.6%,-15.1%,-17.4%,-4.5%,-12.4%,-21.5%,-30.7%,-25.2%,-17.3%,-29.5%,-6.5%,-21.0%,-13.1%
2020.3388,03/05/2020,124,-18.0%,-27.3%,-18.2%,-21.6%,-13.4%,-24.5%,-7.9%,-3.8%,-13.6%,-20.1%,-0.6%,-25.1%,-22.4%,-28.3%,-13.7%,-24.7%,-5.1%,-12.5%,-19.8%,-34.0%,-11.9%,-23.5%,-23.2%,-18.7%,-18.2%,-4.7%,-13.5%,-30.6%,-18.8%,-19.2%,-15.5%,-10.3%,-4.6%,-14.3%,-26.3%,-25.9%,-36.5%,-25.6%,-23.7%,-20.1%,-29.5%,-19.2%,-30.9%,-18.3%,-23.3%,-17.9%,-18.7%,-19.0%,-9.6%,-27.7%,-18.6%,-27.3%,-23.2%,-16.8%,-16.7%,-21.2%,-13.8%,-22.8%,-27.6%,-13.0%,-17.4%,-4.5%,-12.4%,-21.5%,-30.7%,-23.8%,-17.3%,-29.5%,-6.5%,-20.3%,-12.6%
2020.3415,04/05/2020,125,-18.0%,-27.3%,-18.2%,-21.6%,-13.4%,-23.5%,-7.9%,-3.8%,-11.5%,-20.1%,-0.5%,-25.1%,-22.4%,-27.0%,-13.7%,-24.7%,-5.1%,-12.5%,-19.8%,-34.0%,-10.1%,-22.2%,-21.9%,-17.0%,-18.2%,-4.7%,-13.5%,-30.6%,-16.8%,-19.2%,-15.5%,-10.3%,-4.6%,-14.3%,-26.3%,-25.9%,-36.5%,-24.0%,-23.5%,-20.1%,-29.5%,-19.2%,-30.9%,-15.6%,-23.3%,-17.9%,-18.7%,-19.0%,-8.1%,-26.3%,-18.6%,-27.3%,-23.2%,-16.8%,-16.7%,-21.2%,-12.3%,-22.8%,-27.6%,-10.9%,-17.4%,-4.5%,-12.4%,-21.5%,-30.7%,-22.4%,-17.3%,-29.5%,-6.5%,-19.6%,-12.1%
2020.3442,05/05/2020,126,-18.0%,-27.3%,-18.2%,-21.6%,-13.4%,-22.4%,-7.9%,-3.8%,-9.4%,-20.1%,-0.5%,-25.1%,-22.4%,-25.7%,-13.7%,-24.7%,-5.1%,-12.5%,-19.8%,-34.0%,-8.3%,-20.9%,-20.6%,-15.2%,-18.2%,-4.7%,-13.5%,-30.6%,-14.8%,-19.2%,-15.5%,-10.3%,-4.6%,-14.3%,-26.3%,-25.9%,-36.5%,-22.4%,-23.2%,-20.1%,-29.5%,-19.2%,-30.9%,-12.9%,-23.3%,-17.9%,-18.7%,-19.0%,-6.6%,-24.9%,-18.6%,-27.3%,-23.2%,-16.8%,-16.7%,-21.2%,-12.3%,-22.8%,-27.6%,-8.7%,-17.4%,-4.5%,-12.4%,-21.5%,-30.7%,-21.5%,-17.3%,-29.5%,-6.5%,-19.0%,-11.6%
2020.347,06/05/2020,127,-18.0%,-27.3%,-18.2%,-21.6%,-13.4%,-21.4%,-7.9%,-3.8%,-7.4%,-20.1%,-0.4%,-25.1%,-22.4%,-24.4%,-13.7%,-24.7%,-5.1%,-12.5%,-19.8%,-34.0%,-6.6%,-19.6%,-19.3%,-13.5%,-18.2%,-4.7%,-13.5%,-30.6%,-12.8%,-19.2%,-15.5%,-10.3%,-4.6%,-14.3%,-26.3%,-25.9%,-36.5%,-20.8%,-23.0%,-20.1%,-29.5%,-19.2%,-30.9%,-10.2%,-23.3%,-17.9%,-16.9%,-19.0%,-5.1%,-23.5%,-18.6%,-27.3%,-23.2%,-16.8%,-16.7%,-21.2%,-12.3%,-22.8%,-27.6%,-6.6%,-17.4%,-4.5%,-12.4%,-21.5%,-30.7%,-20.6%,-17.3%,-29.5%,-6.5%,-18.3%,-11.2%
2020.3497,07/05/2020,128,-18.0%,-27.3%,-18.2%,-21.6%,-13.4%,-20.3%,-7.9%,-3.8%,-5.3%,-20.1%,-0.2%,-25.1%,-22.4%,-23.1%,-13.7%,-24.7%,-5.1%,-12.5%,-19.8%,-34.0%,-4.8%,-18.3%,-18.0%,-13.5%,-18.2%,-4.7%,-13.5%,-30.6%,-10.8%,-19.2%,-15.5%,-10.3%,-4.6%,-15.9%,-26.3%,-25.9%,-36.5%,-19.2%,-22.7%,-20.1%,-29.5%,-19.2%,-30.9%,-7.4%,-23.3%,-17.9%,-15.2%,-19.0%,-3.6%,-22.1%,-18.6%,-27.3%,-23.2%,-16.8%,-16.7%,-21.2%,-12.3%,-22.8%,-27.6%,-6.6%,-17.4%,-4.5%,-12.4%,-21.5%,-30.7%,-19.7%,-17.3%,-29.5%,-6.5%,-17.6%,-10.9%
2020.3524,08/05/2020,129,-18.0%,-27.3%,-18.2%,-21.6%,-13.4%,-20.3%,-7.9%,-3.8%,-5.3%,-20.1%,-0.2%,-25.1%,-20.2%,-23.1%,-13.7%,-24.7%,-5.1%,-12.5%,-19.8%,-32.8%,-4.8%,-18.3%,-18.0%,-13.5%,-18.2%,-4.7%,-13.5%,-30.6%,-8.8%,-19.2%,-15.5%,-9.3%,-4.6%,-17.6%,-26.3%,-25.9%,-36.5%,-19.2%,-22.7%,-20.1%,-29.5%,-19.2%,-27.8%,-7.4%,-23.3%,-17.9%,-13.4%,-19.0%,-3.6%,-22.1%,-18.6%,-27.3%,-23.2%,-16.8%,-15.1%,-21.2%,-12.3%,-22.8%,-27.6%,-6.6%,-15.7%,-4.5%,-12.4%,-21.5%,-30.7%,-19.3%,-17.3%,-29.5%,-6.5%,-17.4%,-10.8%
2020.3552,09/05/2020,130,-18.0%,-27.3%,-18.2%,-21.6%,-13.4%,-20.3%,-7.9%,-3.8%,-5.3%,-20.1%,-0.1%,-25.1%,-17.9%,-23.1%,-13.7%,-24.7%,-5.1%,-12.5%,-19.8%,-31.5%,-4.8%,-18.3%,-18.0%,-13.5%,-18.2%,-4.7%,-13.5%,-30.6%,-6.8%,-19.2%,-15.5%,-8.4%,-4.6%,-19.2%,-23.7%,-25.9%,-36.5%,-19.2%,-22.7%,-20.1%,-29.5%,-19.2%,-24.7%,-7.4%,-23.3%,-17.9%,-11.7%,-19.0%,-3.6%,-22.1%,-18.6%,-27.3%,-21.8%,-16.8%,-13.5%,-21.2%,-12.3%,-22.8%,-27.6%,-6.6%,-14.0%,-4.5%,-12.4%,-21.5%,-30.7%,-18.7%,-17.3%,-29.5%,-6.5%,-17.3%,-10.5%
2020.3579,10/05/2020,131,-18.0%,-27.3%,-16.3%,-21.6%,-13.4%,-20.3%,-7.9%,-3.8%,-5.3%,-20.1%,0.0%,-25.1%,-15.6%,-23.1%,-13.7%,-24.7%,-5.1%,-12.5%,-19.8%,-30.3%,-4.8%,-18.3%,-18.0%,-13.5%,-18.2%,-4.7%,-13.5%,-30.6%,-4.8%,-19.2%,-15.5%,-7.4%,-4.6%,-20.8%,-21.2%,-25.9%,-36.5%,-19.2%,-22.7%,-20.1%,-29.5%,-19.2%,-21.6%,-7.4%,-23.3%,-17.9%,-9.9%,-19.0%,-3.6%,-22.1%,-18.6%,-27.3%,-20.4%,-15.2%,-11.8%,-21.2%,-12.3%,-22.8%,-27.6%,-6.6%,-12.3%,-4.5%,-12.4%,-21.5%,-29.7%,-18.2%,-17.3%,-29.5%,-6.5%,-17.0%,-10.3%
2020.3606,11/05/2020,132,-18.0%,-27.3%,-14.3%,-21.6%,-13.4%,-20.3%,-7.9%,-3.8%,-5.3%,-20.1%,0.0%,-25.1%,-13.4%,-23.1%,-13.7%,-24.7%,-5.1%,-12.5%,-17.8%,-29.1%,-4.8%,-18.3%,-18.0%,-13.5%,-18.2%,-4.7%,-13.5%,-30.6%,-4.8%,-19.2%,-15.5%,-6.4%,-4.6%,-22.4%,-18.7%,-25.9%,-36.5%,-19.2%,-22.7%,-20.1%,-29.5%,-19.2%,-18.5%,-7.4%,-23.3%,-17.9%,-8.2%,-19.0%,-3.6%,-22.1%,-18.6%,-27.3%,-18.9%,-13.6%,-10.2%,-21.2%,-12.3%,-22.8%,-27.6%,-6.6%,-10.6%,-4.5%,-12.4%,-21.5%,-28.6%,-17.6%,-17.3%,-29.5%,-6.5%,-16.6%,-10.0%
2020.3634,12/05/2020,133,-18.0%,-27.3%,-12.4%,-19.4%,-13.4%,-20.3%,-7.9%,-3.8%,-5.3%,-20.1%,0.0%,-25.1%,-11.1%,-23.1%,-13.7%,-24.7%,-5.1%,-11.2%,-15.8%,-27.8%,-4.8%,-18.3%,-18.0%,-13.5%,-18.2%,-4.7%,-13.5%,-30.6%,-4.8%,-19.2%,-14.0%,-5.4%,-4.6%,-24.0%,-16.2%,-25.9%,-36.5%,-19.2%,-22.7%,-20.1%,-29.5%,-19.2%,-15.4%,-7.4%,-20.9%,-17.9%,-6.4%,-19.0%,-3.6%,-22.1%,-18.6%,-25.7%,-17.5%,-12.0%,-8.6%,-21.2%,-12.3%,-22.8%,-25.1%,-6.6%,-8.9%,-4.5%,-12.4%,-21.5%,-27.5%,-17.1%,-16.1%,-29.5%,-6.5%,-16.2%,-9.7%
2020.3661,13/05/2020,134,-18.0%,-27.3%,-10.4%,-17.2%,-13.4%,-20.3%,-7.9%,-3.8%,-5.3%,-20.1%,0.0%,-25.1%,-8.8%,-23.1%,-13.7%,-24.7%,-5.1%,-9.9%,-13.8%,-26.6%,-4.8%,-18.3%,-18.0%,-13.5%,-18.2%,-4.7%,-13.5%,-30.6%,-4.8%,-19.2%,-12.4%,-4.4%,-4.6%,-25.6%,-13.6%,-25.9%,-36.5%,-19.2%,-22.7%,-20.1%,-29.5%,-19.2%,-12.2%,-7.4%,-18.6%,-17.9%,-6.4%,-17.1%,-3.6%,-22.1%,-18.6%,-24.2%,-16.1%,-10.4%,-7.0%,-21.2%,-12.3%,-22.8%,-22.6%,-6.6%,-7.2%,-4.5%,-12.4%,-21.5%,-26.4%,-16.6%,-14.9%,-29.5%,-6.5%,-15.7%,-9.3%
2020.3688,14/05/2020,135,-18.0%,-27.3%,-8.5%,-15.0%,-13.4%,-20.3%,-7.9%,-3.8%,-5.3%,-20.1%,0.0%,-25.1%,-6.6%,-23.1%,-13.7%,-24.7%,-5.1%,-8.6%,-11.8%,-25.3%,-4.8%,-18.3%,-18.0%,-13.5%,-18.2%,-4.7%,-13.5%,-30.6%,-4.8%,-19.2%,-10.9%,-3.5%,-4.6%,-25.6%,-11.1%,-25.9%,-36.5%,-19.2%,-22.7%,-20.1%,-29.5%,-19.2%,-9.1%,-7.4%,-16.2%,-17.9%,-6.4%,-15.1%,-3.6%,-22.1%,-18.6%,-22.7%,-14.7%,-8.8%,-5.4%,-21.2%,-12.3%,-22.8%,-20.1%,-6.6%,-5.5%,-4.5%,-12.4%,-21.5%,-25.3%,-16.1%,-13.8%,-29.5%,-6.5%,-15.3%,-9.0%
2020.3716,15/05/2020,136,-18.0%,-27.3%,-6.5%,-12.8%,-13.4%,-18.7%,-7.9%,-3.8%,-5.3%,-20.1%,0.0%,-25.1%,-6.6%,-23.1%,-13.7%,-22.2%,-5.1%,-7.3%,-9.8%,-25.3%,-4.8%,-18.3%,-16.2%,-13.5%,-18.2%,-4.7%,-13.5%,-29.4%,-4.8%,-17.2%,-9.3%,-3.5%,-4.6%,-25.6%,-8.6%,-23.3%,-36.5%,-19.2%,-22.7%,-20.1%,-29.5%,-19.2%,-9.1%,-7.4%,-13.9%,-17.9%,-6.4%,-13.2%,-3.6%,-22.1%,-18.6%,-21.2%,-13.3%,-7.2%,-5.4%,-19.0%,-12.3%,-22.8%,-17.5%,-6.6%,-5.5%,-4.5%,-12.4%,-21.5%,-24.2%,-15.3%,-12.6%,-29.5%,-6.5%,-14.6%,-8.6%
2020.3743,16/05/2020,137,-18.0%,-27.3%,-4.6%,-10.6%,-13.4%,-17.0%,-6.8%,-3.3%,-5.3%,-20.1%,0.0%,-25.1%,-6.6%,-23.1%,-13.7%,-19.7%,-5.1%,-6.0%,-7.9%,-25.3%,-4.8%,-18.3%,-14.3%,-13.5%,-18.2%,-4.7%,-13.5%,-28.1%,-4.8%,-15.3%,-7.7%,-3.5%,-4.6%,-25.6%,-8.6%,-20.7%,-36.5%,-19.2%,-22.7%,-20.1%,-29.5%,-19.2%,-9.1%,-7.4%,-11.5%,-17.9%,-6.4%,-11.3%,-3.6%,-22.1%,-18.6%,-19.7%,-13.3%,-5.5%,-5.4%,-16.9%,-12.3%,-22.8%,-15.0%,-6.6%,-5.5%,-4.5%,-12.4%,-21.5%,-23.1%,-14.8%,-11.4%,-29.5%,-6.5%,-14.0%,-8.4%
2020.377,17/05/2020,138,-18.0%,-27.3%,-4.6%,-8.4%,-13.4%,-15.4%,-5.6%,-2.7%,-5.3%,-20.1%,0.0%,-25.1%,-6.6%,-23.1%,-13.7%,-17.2%,-5.1%,-4.7%,-5.9%,-25.3%,-4.8%,-18.3%,-12.5%,-13.5%,-18.2%,-4.7%,-13.5%,-26.9%,-4.8%,-13.3%,-6.2%,-3.5%,-4.6%,-25.6%,-8.6%,-18.1%,-36.5%,-19.2%,-22.7%,-20.1%,-28.0%,-19.2%,-9.1%,-7.4%,-9.2%,-17.9%,-6.4%,-9.3%,-3.6%,-22.1%,-18.6%,-18.2%,-13.3%,-5.5%,-5.4%,-14.8%,-12.3%,-22.8%,-12.5%,-6.6%,-5.5%,-4.5%,-12.4%,-21.5%,-23.1%,-14.3%,-10.2%,-29.5%,-6.5%,-13.5%,-8.2%
2020.3798,18/05/2020,139,-18.0%,-27.3%,-4.6%,-6.2%,-13.4%,-13.8%,-4.5%,-2.2%,-5.3%,-20.1%,0.0%,-25.1%,-6.6%,-20.9%,-13.7%,-14.8%,-5.1%,-3.4%,-5.9%,-25.3%,-4.8%,-18.3%,-10.7%,-13.5%,-18.2%,-4.7%,-13.5%,-25.7%,-4.8%,-11.3%,-4.6%,-3.5%,-4.6%,-25.6%,-8.6%,-15.5%,-36.5%,-19.2%,-22.7%,-20.1%,-26.5%,-19.2%,-9.1%,-7.4%,-6.8%,-17.9%,-6.4%,-7.4%,-3.6%,-22.1%,-18.6%,-16.7%,-13.3%,-5.5%,-5.4%,-12.7%,-12.3%,-22.8%,-10.0%,-6.6%,-5.5%,-4.5%,-12.4%,-21.5%,-23.1%,-13.9%,-9.0%,-29.5%,-6.5%,-13.0%,-8.0%
2020.3825,19/05/2020,140,-18.0%,-27.3%,-4.6%,-6.2%,-13.4%,-12.1%,-3.4%,-1.6%,-5.3%,-20.1%,0.0%,-25.1%,-6.6%,-18.7%,-13.7%,-12.3%,-5.1%,-3.4%,-5.9%,-25.3%,-4.8%,-18.3%,-8.8%,-13.5%,-18.2%,-4.7%,-13.5%,-24.5%,-4.8%,-9.3%,-4.6%,-3.5%,-4.6%,-25.6%,-8.6%,-12.9%,-36.5%,-19.2%,-22.7%,-20.1%,-25.0%,-19.2%,-9.1%,-7.4%,-6.8%,-17.9%,-6.4%,-5.4%,-3.6%,-22.1%,-18.6%,-16.7%,-13.3%,-5.5%,-5.4%,-10.5%,-12.3%,-22.8%,-10.0%,-6.6%,-5.5%,-4.5%,-11.1%,-21.5%,-23.1%,-13.5%,-9.0%,-29.5%,-6.5%,-12.6%,-7.8%
2020.3852,20/05/2020,141,-18.0%,-27.3%,-4.6%,-6.2%,-13.4%,-10.5%,-2.3%,-1.1%,-5.3%,-20.1%,0.0%,-25.1%,-6.6%,-16.5%,-13.7%,-9.8%,-5.1%,-3.4%,-5.9%,-25.3%,-4.8%,-18.3%,-7.0%,-13.5%,-18.2%,-4.7%,-13.5%,-23.2%,-4.8%,-7.4%,-4.6%,-3.5%,-4.6%,-25.6%,-8.6%,-10.3%,-36.5%,-19.2%,-22.7%,-20.1%,-23.5%,-19.2%,-9.1%,-7.4%,-6.8%,-17.9%,-6.4%,-5.4%,-3.6%,-22.1%,-18.6%,-16.7%,-13.3%,-8.9%,-5.4%,-8.4%,-12.3%,-22.8%,-10.0%,-6.6%,-8.7%,-4.5%,-9.9%,-21.5%,-23.1%,-13.1%,-9.0%,-29.5%,-6.5%,-12.2%,-7.8%
2020.3879,21/05/2020,142,-18.0%,-27.3%,-4.6%,-6.2%,-13.4%,-8.9%,-1.1%,-0.5%,-5.3%,-20.1%,0.0%,-25.1%,-6.6%,-14.4%,-13.7%,-7.3%,-8.4%,-3.4%,-5.9%,-25.3%,-4.8%,-18.3%,-5.1%,-13.5%,-18.2%,-4.7%,-13.5%,-22.0%,-4.8%,-5.4%,-4.6%,-3.5%,-4.6%,-25.6%,-8.6%,-7.7%,-36.5%,-19.2%,-22.7%,-20.1%,-22.0%,-19.2%,-9.1%,-7.4%,-6.8%,-17.9%,-6.4%,-5.4%,-3.6%,-22.1%,-18.6%,-16.7%,-13.3%,-12.2%,-5.4%,-6.3%,-12.3%,-22.8%,-10.0%,-6.6%,-12.0%,-4.5%,-8.6%,-21.5%,-23.1%,-12.8%,-9.0%,-29.5%,-6.5%,-11.9%,-7.9%
2020.3907,22/05/2020,143,-18.0%,-27.3%,-4.6%,-6.2%,-13.4%,-8.9%,0.0%,0.0%,-5.3%,-20.1%,0.0%,-25.1%,-6.6%,-12.2%,-12.3%,-7.3%,-11.6%,-3.4%,-5.9%,-25.3%,-4.8%,-18.3%,-5.1%,-13.5%,-18.2%,-4.7%,-13.5%,-22.0%,-4.8%,-5.4%,-4.6%,-3.5%,-4.6%,-25.6%,-8.6%,-7.7%,-32.8%,-19.2%,-22.0%,-20.1%,-20.5%,-19.2%,-9.1%,-7.4%,-6.8%,-17.9%,-6.4%,-5.4%,-3.6%,-22.1%,-18.6%,-16.7%,-13.3%,-15.6%,-5.4%,-6.3%,-12.3%,-22.8%,-10.0%,-6.6%,-15.2%,-4.5%,-7.4%,-21.5%,-23.1%,-12.7%,-9.0%,-29.5%,-6.5%,-11.8%,-7.9%
2020.3934,23/05/2020,144,-18.0%,-27.3%,-4.6%,-6.2%,-13.4%,-8.9%,0.0%,0.0%,-5.3%,-20.1%,0.0%,-25.1%,-6.6%,-10.0%,-10.8%,-7.3%,-14.8%,-3.4%,-5.9%,-25.3%,-4.8%,-18.3%,-5.1%,-13.5%,-18.2%,-4.7%,-13.5%,-22.0%,-4.8%,-5.4%,-4.6%,-3.5%,-4.6%,-25.6%,-8.6%,-7.7%,-29.0%,-19.2%,-21.2%,-20.1%,-19.0%,-19.2%,-9.1%,-7.4%,-6.8%,-17.9%,-6.4%,-5.4%,-3.6%,-22.1%,-18.6%,-16.7%,-13.3%,-18.9%,-5.4%,-6.3%,-12.3%,-22.8%,-10.0%,-6.6%,-18.5%,-4.5%,-6.2%,-21.5%,-23.1%,-12.6%,-9.0%,-29.5%,-6.5%,-11.7%,-8.0%
2020.3961,24/05/2020,145,-18.0%,-27.3%,-4.6%,-6.2%,-13.4%,-8.9%,0.0%,0.0%,-5.3%,-20.1%,0.0%,-25.1%,-6.6%,-7.8%,-9.4%,-7.3%,-18.1%,-3.4%,-5.9%,-25.3%,-4.8%,-18.3%,-5.1%,-13.5%,-18.2%,-4.7%,-13.5%,-22.0%,-4.8%,-5.4%,-4.6%,-3.5%,-4.6%,-25.6%,-8.6%,-7.7%,-25.2%,-19.2%,-20.4%,-20.1%,-19.0%,-19.2%,-9.1%,-7.4%,-6.8%,-17.9%,-6.4%,-5.4%,-3.6%,-22.1%,-18.6%,-16.7%,-13.3%,-22.2%,-5.4%,-6.3%,-12.3%,-22.8%,-10.0%,-6.6%,-20.2%,-4.5%,-4.9%,-19.7%,-23.1%,-12.5%,-9.0%,-29.5%,-6.5%,-11.7%,-8.1%
2020.3989,25/05/2020,146,-18.0%,-27.3%,-4.6%,-6.2%,-13.4%,-8.9%,0.0%,0.0%,-5.3%,-20.1%,0.0%,-25.1%,-6.6%,-7.8%,-7.9%,-7.3%,-21.3%,-3.4%,-5.9%,-25.3%,-4.8%,-18.3%,-5.1%,-13.5%,-18.2%,-4.7%,-13.5%,-22.0%,-4.8%,-5.4%,-4.6%,-3.5%,-4.6%,-25.6%,-8.6%,-7.7%,-21.4%,-19.2%,-19.6%,-20.1%,-19.0%,-19.2%,-9.1%,-7.4%,-6.8%,-17.9%,-6.4%,-5.4%,-3.6%,-22.1%,-18.6%,-16.7%,-13.3%,-23.8%,-5.4%,-6.3%,-12.3%,-22.8%,-10.0%,-6.6%,-21.9%,-4.5%,-3.7%,-18.0%,-23.1%,-12.4%,-9.0%,-29.5%,-6.5%,-11.6%,-8.1%
2020.4016,26/05/2020,147,-16.2%,-27.3%,-4.6%,-6.2%,-13.4%,-8.9%,0.0%,0.0%,-5.3%,-20.1%,0.0%,-25.1%,-6.6%,-7.8%,-6.5%,-7.3%,-24.5%,-3.4%,-5.9%,-25.3%,-4.8%,-18.3%,-5.1%,-13.5%,-18.2%,-4.7%,-13.5%,-22.0%,-4.8%,-5.4%,-4.6%,-3.5%,-6.1%,-25.6%,-8.6%,-7.7%,-17.6%,-19.2%,-18.9%,-20.1%,-19.0%,-19.2%,-9.1%,-7.4%,-6.8%,-16.3%,-6.4%,-5.4%,-3.6%,-22.1%,-18.6%,-16.7%,-13.3%,-25.4%,-5.4%,-6.3%,-12.3%,-22.8%,-10.0%,-6.6%,-23.6%,-4.5%,-3.7%,-16.3%,-23.1%,-12.3%,-9.0%,-29.5%,-6.5%,-11.6%,-8.1%
2020.4043,27/05/2020,148,-14.3%,-27.3%,-4.6%,-6.2%,-13.4%,-8.9%,0.0%,0.0%,-5.3%,-20.1%,0.0%,-25.1%,-6.6%,-7.8%,-5.0%,-7.3%,-26.2%,-3.4%,-5.9%,-25.3%,-4.8%,-18.3%,-5.1%,-13.5%,-18.2%,-4.0%,-13.5%,-22.0%,-4.8%,-5.4%,-4.6%,-3.5%,-7.5%,-24.0%,-8.6%,-7.7%,-13.8%,-19.2%,-18.1%,-20.1%,-19.0%,-19.2%,-9.1%,-7.4%,-6.8%,-14.6%,-6.4%,-5.4%,-3.6%,-22.1%,-18.6%,-16.7%,-13.3%,-23.7%,-5.4%,-6.3%,-12.3%,-22.8%,-10.0%,-6.6%,-22.0%,-4.5%,-3.7%,-14.5%,-23.1%,-12.0%,-9.0%,-29.5%,-6.5%,-11.5%,-8.1%
2020.4071,28/05/2020,149,-12.5%,-27.3%,-4.6%,-6.2%,-12.1%,-8.9%,0.0%,0.0%,-5.3%,-20.1%,0.0%,-25.1%,-6.6%,-7.8%,-3.6%,-7.3%,-24.6%,-3.4%,-5.9%,-25.3%,-4.8%,-18.3%,-5.1%,-13.5%,-18.2%,-3.4%,-14.9%,-22.0%,-4.8%,-5.4%,-4.6%,-3.5%,-9.0%,-22.4%,-8.6%,-7.7%,-10.0%,-19.2%,-17.3%,-20.1%,-19.0%,-19.2%,-9.1%,-7.4%,-6.8%,-12.9%,-6.4%,-5.4%,-3.6%,-22.1%,-18.6%,-16.7%,-13.3%,-22.0%,-5.4%,-6.3%,-12.3%,-22.8%,-10.0%,-6.6%,-20.5%,-4.5%,-3.7%,-12.8%,-23.1%,-11.8%,-9.0%,-29.5%,-6.5%,-11.4%,-7.9%
2020.4098,29/05/2020,150,-10.6%,-27.3%,-4.6%,-6.2%,-10.8%,-8.9%,0.0%,0.0%,-5.3%,-20.1%,0.0%,-25.1%,-6.6%,-7.8%,-3.6%,-7.3%,-23.0%,-3.4%,-5.9%,-25.3%,-4.8%,-16.6%,-5.1%,-13.5%,-18.2%,-2.7%,-16.3%,-22.0%,-4.8%,-5.4%,-4.6%,-3.5%,-10.4%,-20.8%,-8.6%,-7.7%,-10.0%,-19.2%,-17.3%,-18.0%,-19.0%,-17.6%,-9.1%,-7.4%,-6.8%,-11.2%,-6.4%,-5.4%,-3.6%,-19.9%,-18.6%,-15.0%,-12.0%,-20.3%,-5.4%,-6.3%,-11.0%,-20.6%,-10.0%,-6.6%,-17.2%,-4.5%,-3.7%,-11.0%,-23.1%,-11.5%,-8.1%,-29.5%,-6.5%,-11.2%,-7.7%
2020.4125,30/05/2020,151,-8.8%,-27.3%,-4.6%,-6.2%,-9.5%,-8.9%,0.0%,0.0%,-5.3%,-20.1%,0.0%,-25.1%,-6.6%,-7.8%,-3.6%,-7.3%,-21.4%,-3.4%,-5.9%,-22.7%,-4.8%,-14.9%,-5.1%,-13.5%,-18.2%,-2.0%,-17.7%,-22.0%,-4.8%,-5.4%,-4.6%,-3.5%,-11.8%,-19.2%,-8.6%,-7.7%,-10.0%,-19.2%,-17.3%,-16.0%,-19.0%,-16.0%,-9.1%,-7.4%,-6.8%,-9.6%,-6.4%,-5.4%,-3.6%,-17.7%,-18.6%,-13.3%,-10.7%,-18.5%,-5.4%,-6.3%,-9.7%,-18.3%,-10.0%,-6.6%,-14.0%,-4.5%,-3.7%,-9.3%,-23.1%,-11.1%,-7.2%,-29.5%,-6.5%,-10.7%,-7.3%
2020.4153,31/05/2020,152,-6.9%,-27.3%,-4.6%,-6.2%,-8.1%,-8.9%,0.0%,0.0%,-5.3%,-20.1%,0.0%,-25.1%,-6.6%,-7.8%,-3.6%,-7.3%,-19.9%,-3.4%,-5.9%,-20.2%,-4.8%,-13.1%,-5.1%,-13.5%,-18.2%,-1.3%,-19.0%,-22.0%,-4.8%,-5.4%,-4.6%,-3.5%,-13.3%,-17.6%,-8.6%,-7.7%,-10.0%,-19.2%,-17.3%,-13.9%,-19.0%,-14.4%,-9.1%,-7.4%,-6.8%,-7.9%,-6.4%,-5.4%,-3.6%,-15.4%,-18.6%,-11.6%,-9.4%,-16.8%,-5.4%,-6.3%,-8.4%,-16.1%,-10.0%,-6.6%,-12.3%,-4.5%,-3.7%,-9.3%,-23.1%,-10.8%,-6.2%,-29.5%,-5.5%,-10.2%,-7.1%
2020.418,01/06/2020,153,-5.1%,-27.3%,-4.6%,-6.2%,-6.8%,-8.9%,0.0%,0.0%,-5.3%,-20.1%,0.0%,-25.1%,-6.6%,-7.8%,-3.6%,-7.3%,-18.3%,-3.4%,-5.9%,-17.6%,-4.8%,-11.4%,-5.1%,-13.5%,-18.2%,-0.7%,-20.4%,-22.0%,-4.8%,-5.4%,-4.6%,-3.5%,-14.7%,-15.9%,-8.6%,-7.7%,-10.0%,-19.2%,-17.3%,-11.9%,-19.0%,-12.7%,-9.1%,-7.4%,-6.8%,-6.2%,-6.4%,-5.4%,-3.6%,-13.2%,-18.6%,-10.0%,-8.1%,-16.8%,-5.4%,-6.3%,-7.1%,-13.9%,-10.0%,-6.6%,-10.6%,-4.5%,-3.7%,-9.3%,-23.1%,-10.4%,-5.3%,-29.5%,-4.6%,-9.8%,-6.8%
2020.4207,02/06/2020,154,-5.1%,-27.3%,-4.6%,-6.2%,-5.5%,-8.9%,0.0%,0.0%,-5.3%,-20.1%,0.0%,-25.1%,-6.6%,-7.8%,-3.6%,-7.3%,-16.7%,-3.4%,-5.9%,-15.0%,-4.8%,-9.7%,-5.1%,-13.5%,-18.2%,0.0%,-21.8%,-22.0%,-4.8%,-5.4%,-4.6%,-3.5%,-14.7%,-14.3%,-8.6%,-7.7%,-10.0%,-19.2%,-17.3%,-9.8%,-19.0%,-11.1%,-9.1%,-7.4%,-6.8%,-6.2%,-6.4%,-5.4%,-3.6%,-11.0%,-18.6%,-8.3%,-6.8%,-16.8%,-5.4%,-6.3%,-5.8%,-11.7%,-10.0%,-6.6%,-8.9%,-4.5%,-3.7%,-9.3%,-23.1%,-10.1%,-4.4%,-29.5%,-3.7%,-9.3%,-6.5%
2020.4235,03/06/2020,155,-5.1%,-27.3%,-4.6%,-6.2%,-4.2%,-8.9%,0.0%,0.0%,-5.3%,-20.1%,0.0%,-25.1%,-6.6%,-7.8%,-3.6%,-7.3%,-16.7%,-3.4%,-5.9%,-12.4%,-4.8%,-7.9%,-5.1%,-13.5%,-18.2%,0.0%,-21.8%,-22.0%,-4.8%,-5.4%,-4.6%,-3.5%,-14.7%,-14.3%,-8.6%,-7.7%,-10.0%,-19.2%,-17.3%,-7.8%,-19.0%,-9.5%,-9.1%,-7.4%,-6.8%,-6.2%,-6.4%,-5.4%,-3.6%,-8.8%,-18.6%,-6.6%,-5.4%,-16.8%,-5.4%,-6.3%,-4.5%,-9.5%,-10.0%,-6.6%,-7.2%,-4.5%,-3.7%,-9.3%,-23.1%,-9.8%,-3.4%,-29.5%,-2.8%,-8.8%,-6.3%
2020.4262,04/06/2020,156,-5.1%,-25.9%,-4.6%,-6.2%,-4.2%,-8.9%,0.0%,0.0%,-5.3%,-20.1%,0.0%,-25.1%,-6.6%,-7.8%,-3.6%,-7.3%,-16.7%,-3.4%,-5.9%,-9.8%,-4.8%,-6.2%,-5.1%,-13.5%,-18.2%,0.0%,-20.4%,-22.0%,-4.8%,-5.4%,-4.6%,-3.5%,-14.7%,-14.3%,-8.6%,-7.7%,-10.0%,-19.2%,-17.3%,-5.7%,-19.0%,-7.9%,-9.1%,-7.4%,-6.8%,-6.2%,-6.4%,-5.4%,-3.6%,-6.6%,-18.6%,-4.9%,-4.1%,-16.8%,-5.4%,-6.3%,-3.2%,-7.2%,-10.0%,-6.6%,-5.5%,-4.5%,-3.7%,-9.3%,-23.1%,-9.5%,-2.5%,-29.5%,-1.8%,-8.3%,-6.0%
2020.4289,05/06/2020,157,-5.1%,-24.6%,-4.6%,-6.2%,-4.2%,-8.9%,0.0%,0.0%,-5.3%,-20.1%,0.0%,-25.1%,-6.6%,-7.8%,-3.6%,-7.3%,-16.7%,-3.4%,-5.9%,-7.2%,-4.8%,-6.2%,-5.1%,-12.2%,-16.4%,0.0%,-19.0%,-22.0%,-4.8%,-5.4%,-4.6%,-3.5%,-14.7%,-14.3%,-8.6%,-7.7%,-10.0%,-19.2%,-17.3%,-5.7%,-19.0%,-7.9%,-9.1%,-7.4%,-6.8%,-6.2%,-6.4%,-5.4%,-3.6%,-6.6%,-18.6%,-4.9%,-4.1%,-16.8%,-5.4%,-6.3%,-3.2%,-7.2%,-10.0%,-6.6%,-5.5%,-4.5%,-3.7%,-9.3%,-23.1%,-9.3%,-2.5%,-29.5%,-0.9%,-8.0%,-5.8%
2020.4317,06/06/2020,158,-5.1%,-23.2%,-4.6%,-6.2%,-4.2%,-8.9%,0.0%,0.0%,-5.3%,-20.1%,0.0%,-25.1%,-6.6%,-7.8%,-3.6%,-7.3%,-16.7%,-3.4%,-5.9%,-7.2%,-4.8%,-6.2%,-5.1%,-10.9%,-14.6%,0.0%,-17.7%,-22.0%,-4.8%,-5.4%,-4.6%,-3.5%,-14.7%,-14.3%,-8.6%,-7.7%,-10.0%,-17.2%,-17.3%,-5.7%,-19.0%,-7.9%,-9.1%,-7.4%,-6.8%,-6.2%,-6.4%,-5.4%,-3.6%,-6.6%,-18.6%,-4.9%,-4.1%,-16.8%,-5.4%,-6.3%,-3.2%,-7.2%,-10.0%,-6.6%,-5.5%,-4.5%,-3.7%,-9.3%,-23.1%,-9.0%,-2.5%,-29.5%,0.0%,-8.0%,-5.6%
2020.4344,07/06/2020,159,-5.1%,-21.8%,-4.6%,-6.2%,-4.2%,-8.9%,0.0%,0.0%,-5.3%,-20.1%,0.0%,-25.1%,-6.6%,-7.8%,-3.6%,-7.3%,-16.7%,-3.4%,-5.9%,-7.2%,-4.8%,-6.2%,-5.1%,-9.7%,-12.8%,0.0%,-16.3%,-22.0%,-4.8%,-5.4%,-4.6%,-3.5%,-14.7%,-14.3%,-8.6%,-7.7%,-10.0%,-15.3%,-17.3%,-5.7%,-17.2%,-7.9%,-9.1%,-7.4%,-6.8%,-6.2%,-6.4%,-5.4%,-3.6%,-6.6%,-18.6%,-4.9%,-4.1%,-16.8%,-5.4%,-6.3%,-3.2%,-7.2%,-10.0%,-6.6%,-5.5%,-4.5%,-3.7%,-9.3%,-23.1%,-8.8%,-2.5%,-29.5%,0.0%,-8.0%,-5.4%
2020.4371,08/06/2020,160,-5.1%,-20.4%,-4.6%,-6.2%,-4.2%,-8.9%,0.0%,0.0%,-5.3%,-20.1%,0.0%,-25.1%,-6.6%,-7.8%,-3.6%,-7.3%,-16.7%,-3.4%,-5.9%,-7.2%,-4.8%,-6.2%,-5.1%,-8.4%,-11.0%,0.0%,-14.9%,-22.0%,-4.8%,-5.4%,-4.6%,-3.5%,-14.7%,-14.3%,-8.6%,-7.7%,-10.0%,-13.3%,-17.3%,-5.7%,-15.3%,-7.9%,-9.1%,-7.4%,-6.8%,-6.2%,-6.4%,-5.4%,-3.6%,-6.6%,-18.6%,-4.9%,-4.1%,-16.8%,-5.4%,-6.3%,-3.2%,-7.2%,-10.0%,-6.6%,-5.5%,-4.5%,-3.7%,-9.3%,-23.1%,-8.5%,-2.5%,-29.5%,0.0%,-8.0%,-5.2%
2020.4399,09/06/2020,161,-5.1%,-19.1%,-4.6%,-6.2%,-4.2%,-8.9%,0.0%,0.0%,-5.3%,-20.1%,0.0%,-25.1%,-6.6%,-7.8%,-3.6%,-7.3%,-16.7%,-3.4%,-5.9%,-7.2%,-4.8%,-6.2%,-5.1%,-7.1%,-9.2%,0.0%,-13.5%,-22.0%,-4.8%,-5.4%,-4.6%,-3.5%,-14.7%,-14.3%,-8.6%,-7.7%,-10.0%,-11.4%,-17.3%,-5.7%,-13.4%,-7.9%,-9.1%,-7.4%,-6.8%,-6.2%,-6.4%,-5.4%,-3.6%,-6.6%,-18.6%,-4.9%,-4.1%,-16.8%,-5.4%,-6.3%,-3.2%,-7.2%,-10.0%,-6.6%,-5.5%,-4.5%,-3.7%,-9.3%,-23.1%,-8.0%,-2.5%,-27.8%,0.0%,-8.0%,-5.0%
2020.4426,10/06/2020,162,-5.1%,-17.7%,-4.6%,-6.2%,-4.2%,-8.9%,0.0%,0.0%,-5.3%,-20.1%,0.0%,-25.1%,-6.6%,-7.8%,-3.6%,-7.3%,-16.7%,-3.4%,-5.9%,-7.2%,-4.8%,-6.2%,-5.1%,-5.9%,-7.4%,0.0%,-13.5%,-22.0%,-4.8%,-5.4%,-4.6%,-3.5%,-14.7%,-14.3%,-8.6%,-7.7%,-10.0%,-9.4%,-17.3%,-5.7%,-11.5%,-7.9%,-9.1%,-7.4%,-6.8%,-6.2%,-6.4%,-5.4%,-3.6%,-6.6%,-18.6%,-4.9%,-4.1%,-16.8%,-5.4%,-6.3%,-3.2%,-7.2%,-10.0%,-6.6%,-5.5%,-4.5%,-3.7%,-9.3%,-23.1%,-7.6%,-2.5%,-26.2%,0.0%,-8.0%,-4.8%
2020.4453,11/06/2020,163,-5.1%,-17.7%,-4.6%,-6.2%,-4.2%,-8.9%,0.0%,0.0%,-5.3%,-20.1%,0.0%,-25.1%,-6.6%,-7.8%,-3.6%,-7.3%,-16.7%,-3.4%,-5.9%,-7.2%,-4.8%,-6.2%,-5.1%,-4.6%,-5.6%,0.0%,-13.5%,-22.0%,-4.8%,-5.4%,-4.6%,-3.5%,-13.3%,-14.3%,-8.6%,-7.7%,-10.0%,-7.4%,-17.3%,-5.7%,-9.7%,-7.9%,-9.1%,-7.4%,-6.8%,-6.2%,-6.4%,-5.4%,-3.6%,-6.6%,-18.6%,-4.9%,-4.1%,-16.8%,-5.4%,-6.3%,-3.2%,-7.2%,-10.0%,-5.7%,-5.5%,-4.5%,-3.7%,-9.3%,-23.1%,-7.2%,-2.5%,-24.5%,0.0%,-8.0%,-4.5%
